Modulus,pressure,bias,flow,Cu,Al,Fe,Zr,V,Co,Ni,Nb,Ti,Cr,Mo,Mn,W,Ta,Hf,ave:thermal_conductivity,var:Polarizability,var:gs_energy
0.9880414605140686,0.02568093128502369,0.982058584690094,0.990526556968689,0.15353192389011383,0.04492305964231491,0.14659632742404938,0.004406850319355726,0.0074881576001644135,0.007607011590152979,0.15475653111934662,0.01842596009373665,0.0019543447997421026,0.1534862220287323,0.003977014683187008,0.15593665838241577,0.007366854697465897,0.0006431685178540647,0.13889986276626587,120.59297829344868,11.401895648275929,5.787028490423202
0.9922390580177307,0.009479841217398643,0.9592118859291077,0.9807813763618469,0.16087311506271362,0.016700521111488342,0.1589716523885727,0.0018218090990558267,0.002694995142519474,0.007196906954050064,0.15503665804862976,0.0040191044099628925,0.0012318729422986507,0.16029009222984314,0.002468605525791645,0.15868666768074036,0.010834985412657261,0.0007006318191997707,0.1584722250699997,118.36413433031412,11.369792199223271,5.605422765394189
0.978829562664032,0.053394485265016556,0.9750163555145264,0.9842728972434998,0.14842082560062408,0.04868435114622116,0.14527679979801178,0.012943413108587265,0.008865118026733398,0.014575399458408356,0.14621996879577637,0.009043634869158268,0.0013013825519010425,0.14883817732334137,0.0026029683649539948,0.14935705065727234,0.014958200044929981,0.0007062890799716115,0.14820647239685059,119.79384532568511,11.92620711285187,5.9090387849805674
0.9900917410850525,0.038539666682481766,0.9738616943359375,0.9692760705947876,0.15702272951602936,0.024053258821368217,0.1531638652086258,0.011012928560376167,0.0019717144314199686,0.007098217029124498,0.1525695025920868,0.01287297997623682,0.004621498286724091,0.15124982595443726,0.01543199922889471,0.1567162573337555,0.009297425858676434,0.001389202894642949,0.14152862131595612,118.91942126117647,11.732696807463737,5.679360199174252
0.9934815168380737,0.015461897477507591,0.978928804397583,0.9690805077552795,0.1591419279575348,0.019655326381325722,0.15617984533309937,0.010092485696077347,0.009767659939825535,0.0027666438836604357,0.15419822931289673,0.005939158610999584,0.0007400073227472603,0.15996822714805603,0.0023289630189538,0.15589876472949982,0.006123483180999756,0.0017669859807938337,0.15543226897716522,117.24418522494379,11.85565707492545,5.509531361449678
0.9935522079467773,0.018810003995895386,0.9961149096488953,0.9962806105613708,0.15796518325805664,0.025749485939741135,0.15808862447738647,0.0008008863078430295,0.005096576176583767,0.0047913240268826485,0.1560404896736145,0.005290242377668619,0.0004867554525844753,0.1581611931324005,0.0008102581487037241,0.15824344754219055,0.009512457996606827,0.00027825110009871423,0.15868480503559113,118.53272250097943,11.363162962564413,5.643791105218204
0.9923509359359741,0.02564087323844433,0.9859970211982727,0.9779554605484009,0.15433381497859955,0.0471227802336216,0.1570415049791336,0.0036362106911838055,0.0025222571566700935,0.003105578012764454,0.15226037800312042,0.005316369701176882,0.0013531914446502924,0.15637657046318054,0.0016348822973668575,0.15529507398605347,0.003102308139204979,0.00036498147528618574,0.15653416514396667,120.30205890366342,11.552076228896441,5.686543938818128
0.9802313446998596,0.1771637201309204,0.981583833694458,0.9874547719955444,0.15026432275772095,0.05264987051486969,0.1435079276561737,0.006051206029951572,0.020021500065922737,0.005720078479498625,0.14813825488090515,0.004106529057025909,0.005560144782066345,0.15094777941703796,0.003120983485132456,0.150745689868927,0.009670249186456203,0.0009571826667524874,0.14853829145431519,120.02919875147055,11.521313264055339,5.853346328115428
0.9868757724761963,0.032928865402936935,0.9724029302597046,0.9954850673675537,0.15419359505176544,0.04315035045146942,0.15184417366981506,0.0016405005007982254,0.00810876116156578,0.003464441280812025,0.14947642385959625,0.016058914363384247,0.002557790605351329,0.15178130567073822,0.003420246997848153,0.15371175110340118,0.00800803117454052,0.0005642398027703166,0.15201930701732635,119.9584618550958,11.621836455389964,5.808592939768989
0.9968599081039429,0.014515791088342667,0.9986246824264526,0.9974120259284973,0.16130556166172028,0.024793261662125587,0.1613621711730957,0.001364559167996049,0.002735751448199153,0.0007273107767105103,0.1571030616760254,0.0014257293660193682,0.0002409426379017532,0.16142040491104126,0.0007914007874205709,0.16074500977993011,0.004603027366101742,0.0003197919868398458,0.16106203198432922,118.86771119738114,11.371542175248857,5.549345233607547
0.9891617894172668,0.010080608539283276,0.9906960725784302,0.9963646531105042,0.15955699980258942,0.03159945085644722,0.16059185564517975,0.001576688839122653,0.002097462536767125,0.0024675491731613874,0.15963208675384521,0.0019829871598631144,0.0007498621707782149,0.15893681347370148,0.0010698768310248852,0.1591017246246338,0.0016736482502892613,6.112577830208465e-05,0.1589018851518631,119.36666076983965,11.3728255351757,5.525193203202463
0.9783689975738525,0.022838681936264038,0.9827139973640442,0.9894441366195679,0.16051067411899567,0.02950136549770832,0.16011163592338562,0.0032779446337372065,0.0032607675530016422,0.00575067987665534,0.15305651724338531,0.004149508662521839,0.0018061265582218766,0.15492217242717743,0.0018760375678539276,0.1582297533750534,0.00503391632810235,0.0006291506579145789,0.15788379311561584,119.470105893875,11.514108368819775,5.59364920067721
0.9850665926933289,0.03758198022842407,0.9894039034843445,0.9799624085426331,0.14392490684986115,0.035392485558986664,0.15480203926563263,0.0031208351720124483,0.0029344952199608088,0.014811242930591106,0.14877977967262268,0.01046293880790472,0.0011053429916501045,0.15345028042793274,0.0037228805013000965,0.15715141594409943,0.014213568530976772,0.0005991975776851177,0.15552859008312225,116.23871531141921,11.475328183000968,5.69915588198212
0.9919843077659607,0.03772542253136635,0.992970883846283,0.9790632128715515,0.15393446385860443,0.024850478395819664,0.1573849469423294,0.006503331009298563,0.004875517450273037,0.005452817305922508,0.15085969865322113,0.011140386573970318,0.001373206963762641,0.1575322151184082,0.0026904591359198093,0.15779663622379303,0.007940220646560192,0.000667932559736073,0.1569976508617401,116.62213855145964,11.799156962760971,5.551375233099969
0.994391143321991,0.042419325560331345,0.9930911064147949,0.9938322305679321,0.15511730313301086,0.04707561060786247,0.15393075346946716,0.0009374916553497314,0.004353625699877739,0.002785015618428588,0.15317845344543457,0.00817328505218029,0.0007723498274572194,0.1546732783317566,0.0007309576612897217,0.15435974299907684,0.009341809898614883,0.00022036037989892066,0.15434995293617249,121.25237905822578,11.386846686042674,5.867793579184877
0.9808116555213928,0.0404541939496994,0.9878084659576416,0.9965690970420837,0.1567792445421219,0.02576604299247265,0.15542103350162506,0.0009943080367520452,0.011850728653371334,0.00230873329564929,0.15712833404541016,0.002377562690526247,0.0013288112822920084,0.15860188007354736,0.0024415249936282635,0.15812663733959198,0.008266855031251907,0.000586175883654505,0.15802215039730072,117.83243954660138,11.307023602544326,5.607105173996049
0.9870676398277283,0.025458049029111862,0.9870317578315735,0.9879281520843506,0.15694640576839447,0.02825460210442543,0.15698760747909546,0.002946143038570881,0.007924833334982395,0.00403373409062624,0.14918966591358185,0.006762336939573288,0.0017491818871349096,0.15711385011672974,0.0016333896201103926,0.157293438911438,0.011946126818656921,0.0006192440632730722,0.1565994769334793,118.5646730588749,11.472667721089678,5.7163960485940954
0.9953606724739075,0.023608064278960228,0.9937320947647095,0.9913966655731201,0.15662822127342224,0.030998464673757553,0.15604686737060547,0.001243159407749772,0.008213626220822334,0.0028435171116143465,0.1539856493473053,0.007382331881672144,0.0007473909063264728,0.15666233003139496,0.0011426503770053387,0.15536077320575714,0.011593392118811607,0.000518050161190331,0.1566336452960968,119.11490731744561,11.410098464073588,5.755040430693315
0.9876452684402466,0.042473744601011276,0.9842078685760498,0.983758270740509,0.15918892621994019,0.04135563224554062,0.15469862520694733,0.001453885925002396,0.0030990366358309984,0.002886357018724084,0.15304765105247498,0.0050160838291049,0.002653125673532486,0.15763340890407562,0.0013232870260253549,0.15840789675712585,0.005471481941640377,0.0004545290139503777,0.15331004559993744,121.16400289443554,11.31438619462146,5.735298673317731
0.9790970683097839,0.011697781272232533,0.980621337890625,0.9973028302192688,0.15771028399467468,0.037973180413246155,0.15720264613628387,0.0008535776869393885,0.0031068497337400913,0.004035989288240671,0.15360711514949799,0.005241618491709232,0.0020412616431713104,0.15492354333400726,0.001675860257819295,0.15761364996433258,0.006953131873160601,0.0002583283931016922,0.15680289268493652,120.23814809017931,11.376873793943627,5.719877575743711
0.991442084312439,0.01460186019539833,0.9871382713317871,0.9938328862190247,0.1532270610332489,0.04110555350780487,0.1555406153202057,0.0021678986959159374,0.0022249321918934584,0.0074829226359725,0.15132823586463928,0.005892256274819374,0.0007201613043434918,0.15378564596176147,0.0017316518351435661,0.15577931702136993,0.01340433768928051,0.000291947420919314,0.155317485332489,120.14522147249663,11.362634054768915,5.862505299544979
0.9937817454338074,0.017671601846814156,0.9893729090690613,0.9937256574630737,0.15818694233894348,0.022370902821421623,0.158410906791687,0.006064606364816427,0.0069960011169314384,0.0009268298745155334,0.15591593086719513,0.007952991873025894,0.0017585093155503273,0.15933440625667572,0.002254412043839693,0.1585739552974701,0.003617033362388611,0.0005755759193561971,0.15706101059913635,117.09812510360499,11.73880544617939,5.467314306550484
0.9835247993469238,0.03443765640258789,0.9828090071678162,0.9877544641494751,0.15213508903980255,0.041301120072603226,0.1575869619846344,0.0019941474311053753,0.002257157349959016,0.0080189760774374,0.1552756130695343,0.007632027380168438,0.0013593502808362246,0.1539771556854248,0.001716396538540721,0.15604250133037567,0.00426508579403162,0.00014948700845707208,0.1562889665365219,118.91440148076799,11.479081951487338,5.617517838568929
0.9915273785591125,0.007489706855267286,0.9854553937911987,0.9930245280265808,0.15446974337100983,0.04676490277051926,0.15354837477207184,0.008415685035288334,0.0021072919480502605,0.002448322018608451,0.151628315448761,0.0057966746389865875,0.0012439035344868898,0.15380200743675232,0.003594911191612482,0.154476135969162,0.008598878979682922,0.000820270914118737,0.15228474140167236,120.87691063954261,11.712739912792363,5.840141174865657
0.9902231097221375,0.02898712456226349,0.9672127962112427,0.9948310852050781,0.16133084893226624,0.02530139870941639,0.15288473665714264,0.0033724464010447264,0.00379581400193274,0.005011424887925386,0.16093318164348602,0.0032179609406739473,0.0037023143377155066,0.16052350401878357,0.004416545387357473,0.16182498633861542,0.002614181488752365,0.0001312332897214219,0.1509394645690918,119.19430944379128,11.304408398213244,5.5057495268048875
0.9713245034217834,0.05997353419661522,0.9547274708747864,0.9695178866386414,0.15476959943771362,0.0432184673845768,0.15084724128246307,0.010836366564035416,0.007286309264600277,0.011043054051697254,0.14683189988136292,0.012140900827944279,0.009701250120997429,0.1480809897184372,0.005120325367897749,0.15283694863319397,0.0035868408158421516,0.0016181912505999207,0.14208164811134338,119.7354595785262,11.870382876310197,5.628851796345075
0.9909142255783081,0.02647845633327961,0.992650032043457,0.9903865456581116,0.15408602356910706,0.032602354884147644,0.15925928950309753,0.0009053543908521533,0.0035461143124848604,0.0032948716543614864,0.1544719636440277,0.004848451819270849,0.00044915982289239764,0.15906912088394165,0.0009729628800414503,0.15980185568332672,0.006248388439416885,0.0005093215149827302,0.15993471443653107,117.92954192257021,11.387801970042748,5.600877513762835
0.9862757921218872,0.08273898810148239,0.9852850437164307,0.9858664274215698,0.15267206728458405,0.04681020230054855,0.14908471703529358,0.003482954343780875,0.012455113232135773,0.005040177144110203,0.1500876098871231,0.010221482254564762,0.0039934441447257996,0.15246251225471497,0.0034062049817293882,0.15187905728816986,0.009207370691001415,0.0010320736328139901,0.1481650322675705,120.28549655240495,11.47359485971631,5.834206364899835
0.9870749711990356,0.019199775531888008,0.9763164520263672,0.9936060309410095,0.15696430206298828,0.052249111235141754,0.15525802969932556,0.0026639141142368317,0.003992095123976469,0.0016492486465722322,0.15137483179569244,0.0022380740847438574,0.001214924268424511,0.15653084218502045,0.002171108266338706,0.1548728197813034,0.0028150284197181463,0.00023584628070238978,0.15576981008052826,122.05594311732857,11.412681711830388,5.765175975363642
0.9945440888404846,0.012611618265509605,0.9905194044113159,0.9799826145172119,0.16338592767715454,0.009789504110813141,0.16268648207187653,0.0006652739830315113,0.004038728773593903,0.001105302246287465,0.16045626997947693,0.0027494975365698338,0.0001368366356473416,0.16375447809696198,0.0007776388083584607,0.16302436590194702,0.004341060295701027,0.00022995963809080422,0.1628587394952774,116.94329008510685,11.388147789986796,5.392163678279569
0.9672591686248779,0.06202023848891258,0.9945987462997437,0.9903343915939331,0.15483519434928894,0.03567882999777794,0.1545604020357132,0.004951272625476122,0.005101138725876808,0.0050609116442501545,0.14821676909923553,0.006338710431009531,0.0029563780408352613,0.1557817906141281,0.0037955057341605425,0.15667670965194702,0.010897037573158741,0.0006040107691660523,0.1545453518629074,119.19119579746621,11.558663357161123,5.7616160615126155
0.9885457754135132,0.03192416578531265,0.9850422739982605,0.9873108863830566,0.15139618515968323,0.04164596647024155,0.14924375712871552,0.012774948962032795,0.007266768720000982,0.010115771554410458,0.14836040139198303,0.006649348419159651,0.0014005446573719382,0.15087875723838806,0.0020887884311378,0.151167631149292,0.015597157180309296,0.00042846170254051685,0.15098559856414795,119.50678099030628,11.915730903640737,5.87563636684202
0.98763108253479,0.0141200702637434,0.9897347688674927,0.991579532623291,0.15829330682754517,0.02172662690281868,0.15898926556110382,0.0017475407803431153,0.0056479559279978275,0.0050599705427885056,0.15799452364444733,0.0036855789367109537,0.0009766791481524706,0.15947504341602325,0.0016971580917015672,0.15883991122245789,0.006329712457954884,0.0004174912173766643,0.15911918878555298,117.68661919626757,11.40016121473665,5.518588185992684
0.9924510717391968,0.007933508604764938,0.9876789450645447,0.9743749499320984,0.1589609980583191,0.009780236519873142,0.1586706042289734,0.00193309155292809,0.005065315403044224,0.0031256484799087048,0.15644033253192902,0.005091111641377211,0.000698351941537112,0.16071094572544098,0.0016292406944558024,0.15799067914485931,0.018651627004146576,0.0012155899312347174,0.16003625094890594,117.10332754743285,11.396457123574494,5.702074889957261
0.98602694272995,0.03753304481506348,0.9882392287254333,0.9980954527854919,0.15671691298484802,0.03274969384074211,0.15546008944511414,0.0012977292062714696,0.00984795019030571,0.0021503688767552376,0.15497784316539764,0.005442726891487837,0.0024371985346078873,0.1558765470981598,0.00262073939666152,0.15604887902736664,0.007576637901365757,0.0003148262039758265,0.15648187696933746,118.95934703232487,11.412331249349611,5.673023498380059
0.9946560859680176,0.014061161316931248,0.9959105253219604,0.9929494261741638,0.15948894619941711,0.024281954392790794,0.15877091884613037,0.003163289511576295,0.004371820017695427,0.001933802617713809,0.15530365705490112,0.005371455103158951,0.0006993882707320154,0.15970471501350403,0.001390340505167842,0.15774664282798767,0.008542701601982117,0.0006056446000002325,0.15862472355365753,118.61431403583848,11.51823941979536,5.631177843456058
0.9924534559249878,0.019445478916168213,0.9937363266944885,0.9928130507469177,0.15187877416610718,0.06020728126168251,0.15282092988491058,0.0008439394878223538,0.002506738528609276,0.0027098555583506823,0.15174253284931183,0.005900436080992222,0.001603609649464488,0.15376274287700653,0.0018524606712162495,0.15457329154014587,0.008154695853590965,0.00010476813622517511,0.15133795142173767,122.44637816144822,11.236153416034849,5.937388773598153
0.998693585395813,0.001926980447024107,0.9970959424972534,0.9995524287223816,0.16500723361968994,0.008678726851940155,0.1647099256515503,0.0009059587609954178,0.0012889128411188722,0.00011186238407390192,0.1629706621170044,0.0003912619431503117,0.00021846087474841624,0.165001779794693,0.0006042160093784332,0.16489897668361664,0.00046383499284274876,2.4702247173991054e-05,0.1647234708070755,116.89669758458476,11.406676824895287,5.297341008932202
0.9781646728515625,0.032278358936309814,0.9858239889144897,0.982449471950531,0.14634305238723755,0.043788205832242966,0.15207462012767792,0.00562632828950882,0.003609312232583761,0.009643536992371082,0.15148109197616577,0.011103284545242786,0.002560705877840519,0.15254472196102142,0.0024169739335775375,0.15284307301044464,0.012534655630588531,0.0003017801500391215,0.15312863886356354,118.17714995957795,11.679218875009337,5.793413453951141
0.9906153678894043,0.02934688702225685,0.9909088015556335,0.9903029203414917,0.15596923232078552,0.02698623016476631,0.15742874145507812,0.0009076819405891001,0.005576855503022671,0.004136137198656797,0.15872515738010406,0.005768638104200363,0.0017539095133543015,0.15871377289295197,0.0025505158118903637,0.15927837789058685,0.004228203557431698,0.0004150249296799302,0.1575615108013153,117.60756451856578,11.388181622306652,5.514654072000631
0.9858319163322449,0.03310983255505562,0.9944568872451782,0.9752503037452698,0.15849734842777252,0.01289303321391344,0.159112811088562,0.0017366799293085933,0.007657517679035664,0.004455392714589834,0.15410266816616058,0.004454788286238909,0.0005820000660605729,0.16192977130413055,0.0020291265100240707,0.16083157062530518,0.010303588584065437,0.0008001193637028337,0.16061367094516754,116.40665191600564,11.398943088746748,5.5147050488666345
0.9795154333114624,0.023325953632593155,0.9803915023803711,0.9890391826629639,0.15828163921833038,0.03183368593454361,0.15758349001407623,0.006861404981464148,0.002491185674443841,0.0038252926897257566,0.1551080197095871,0.0070281182415783405,0.003916605841368437,0.15823787450790405,0.0031237672083079815,0.15568286180496216,0.003473086515441537,0.0003560814948286861,0.1521969437599182,119.23246263178298,11.673577220539805,5.559323202155929
0.9986107349395752,0.016100434586405754,0.9905006885528564,0.9856865406036377,0.1589503437280655,0.026088673621416092,0.16157013177871704,0.0023631586227566004,0.0011360767530277371,0.0071421535685658455,0.16049925982952118,0.0025812769308686256,0.0009998835157603025,0.15472592413425446,0.00659535825252533,0.16355900466442108,0.006026712246239185,0.00047193540376611054,0.14729014039039612,119.38305828613811,10.982757702419812,5.56373116633983
0.9898014664649963,0.04563750699162483,0.9809484481811523,0.9702709913253784,0.1570833921432495,0.03507270663976669,0.15033480525016785,0.010381009429693222,0.005656606052070856,0.008897432126104832,0.1534259170293808,0.01171579584479332,0.0023670948576182127,0.15639154613018036,0.0038036408368498087,0.15304309129714966,0.002389695728197694,0.000773186853621155,0.14866402745246887,119.34541614745976,11.922840943443116,5.56936472304211
0.9976481199264526,0.01120678149163723,0.9940794706344604,0.9900285601615906,0.15717637538909912,0.037937361747026443,0.15674561262130737,0.0037851964589208364,0.0009216944454237819,0.0014757419703528285,0.15450258553028107,0.007083933334797621,0.0008275441359728575,0.1544339954853058,0.006468808278441429,0.15783467888832092,0.009062168188393116,0.00036682147765532136,0.15137743949890137,120.73938801999903,11.402741413120928,5.806308264004274
0.9961589574813843,0.027401220053434372,0.9951883554458618,0.9861370921134949,0.1619478315114975,0.020897231996059418,0.15869897603988647,0.0014427239075303078,0.0038007390685379505,0.0009167452808469534,0.15908198058605194,0.0018972534453496337,0.0013255306985229254,0.16179431974887848,0.0012200395576655865,0.16166841983795166,0.004182206001132727,0.00019832661200780421,0.16092756390571594,118.29954367408936,11.411620344111334,5.505799502801043
0.9940459132194519,0.027755923569202423,0.9949864745140076,0.9944257736206055,0.15666167438030243,0.0404014065861702,0.15696148574352264,0.0019308306509628892,0.0035813162103295326,0.002687176689505577,0.1539328545331955,0.0049913241527974606,0.0004987462307326496,0.1571316123008728,0.0013187122531235218,0.15677694976329803,0.005990858189761639,0.00045431579928845167,0.1566806435585022,120.25300128220697,11.40970669081123,5.7183490345549295
0.9963080286979675,0.024653198197484016,0.9956179857254028,0.9961588382720947,0.15644100308418274,0.04071856662631035,0.15667389333248138,0.0033593515399843454,0.0013829618692398071,0.001871406682766974,0.152580127120018,0.004918194841593504,0.0009374779765494168,0.15648066997528076,0.0016798838041722775,0.15667515993118286,0.011513655073940754,0.0004041259235236794,0.15436354279518127,120.8529231323686,11.39497856065092,5.857516376711886
0.9953145384788513,0.016217371448874474,0.9825925827026367,0.9956817626953125,0.15741604566574097,0.03414221107959747,0.15557724237442017,0.00295692658983171,0.0023507557343691587,0.002360599348321557,0.1554163098335266,0.004638781305402517,0.0011617703130468726,0.15589578449726105,0.005469788797199726,0.1571463793516159,0.013380710035562515,0.0008058220846578479,0.15128080546855927,120.67226620209404,11.263664924912806,5.8679893887344114
0.9948961138725281,0.03088260069489479,0.9819562435150146,0.9877554774284363,0.15447434782981873,0.04707024618983269,0.1551065891981125,0.002578513929620385,0.0035409226547926664,0.00195504748262465,0.15136335790157318,0.0022031988482922316,0.0016855731373652816,0.15693339705467224,0.0022104564122855663,0.15528380870819092,0.0071497424505651,0.0006922070169821382,0.15775266289710999,120.7079039447708,11.439828488232411,5.803696117787474
0.980694591999054,0.03268449753522873,0.9606842994689941,0.9872867465019226,0.15090814232826233,0.03412773087620735,0.15378478169441223,0.0025378947611898184,0.011647292412817478,0.013388392515480518,0.14774680137634277,0.005267485044896603,0.0017743516946211457,0.15002219378948212,0.004812994971871376,0.15545201301574707,0.011463567614555359,0.001960251946002245,0.15510611236095428,117.82435990134255,11.382432020426322,5.710083346658581
0.9962442517280579,0.019523506984114647,0.9955037236213684,0.9846116900444031,0.1586926132440567,0.017600679770112038,0.15876008570194244,0.003800091566517949,0.0011162955779582262,0.0038376743905246258,0.157212495803833,0.009491023607552052,0.002666862215846777,0.15757513046264648,0.00491916062310338,0.1578579843044281,0.01125772763043642,0.0006720079109072685,0.15454019606113434,117.93095934601733,11.546242500691557,5.628813636788696
0.9906408786773682,0.06624972820281982,0.9946191310882568,0.9920198917388916,0.15644235908985138,0.04424671083688736,0.15631607174873352,0.002404692815616727,0.0013141322415322065,0.0022253552451729774,0.15418826043605804,0.006509676109999418,0.0009550679242238402,0.15553152561187744,0.002289152005687356,0.15392163395881653,0.009878775104880333,0.0003807926259469241,0.1533959060907364,121.57038923123037,11.390793372321045,5.869030717758837
0.9811004996299744,0.020162276923656464,0.9907602071762085,0.9903796911239624,0.1556045562028885,0.030155066400766373,0.15638719499111176,0.003442177316173911,0.001748126931488514,0.006797855719923973,0.15230952203273773,0.013785228133201599,0.003471309319138527,0.15398691594600677,0.003216757206246257,0.15410521626472473,0.01073352713137865,0.0009171806159429252,0.15333929657936096,118.86102666518418,11.660088356042063,5.724329851479355
0.9882727265357971,0.03227677941322327,0.9845753908157349,0.9972440004348755,0.15216194093227386,0.05544262006878853,0.15025067329406738,0.001546943560242653,0.004217124078422785,0.005982942879199982,0.1503276824951172,0.013424020260572433,0.0006224327371455729,0.15086320042610168,0.0010662045096978545,0.15240991115570068,0.010905389674007893,0.00021485901379492134,0.15056411921977997,121.94412652445317,11.464055430691783,5.974850591967131
0.9928617477416992,0.01402341853827238,0.9876955151557922,0.9856340289115906,0.1588737517595291,0.017804475501179695,0.1551908552646637,0.004266154021024704,0.0036930523347109556,0.0010586698772385716,0.1483396738767624,0.006691123824566603,0.0013730123173445463,0.15934237837791443,0.004434957634657621,0.15777650475502014,0.022253701463341713,0.001643255352973938,0.15725848078727722,118.6767705784645,11.505656320406258,5.90974187519824
0.9929133057594299,0.05128926411271095,0.9797670245170593,0.9871236681938171,0.15507203340530396,0.044388849288225174,0.1526346653699875,0.0026033525355160236,0.0043833875097334385,0.0037268507294356823,0.1561986356973648,0.00847572460770607,0.001829879474826157,0.15764370560646057,0.0017905529821291566,0.156158909201622,0.006441363599151373,0.0001905174576677382,0.14846161007881165,120.75739027407835,11.306289521458762,5.750945586806338
0.9869245290756226,0.049566756933927536,0.9898404479026794,0.9924333691596985,0.15631084144115448,0.04268369451165199,0.1563432812690735,0.0022467703092843294,0.005509923677891493,0.0022532111033797264,0.1543193906545639,0.005244466010481119,0.0008830136503092945,0.15553997457027435,0.002497879322618246,0.15207712352275848,0.009177605621516705,0.0007591709727421403,0.15415360033512115,121.1591266718693,11.386607522575803,5.833699276434386
0.9984925985336304,0.004382725805044174,0.9949963688850403,0.9898262619972229,0.15803475677967072,0.03752603381872177,0.1577969491481781,0.003777639474719763,0.00032935990020632744,0.000919802172575146,0.1569264531135559,0.004876039456576109,0.0005602693418040872,0.15702226758003235,0.0044031026773154736,0.1577777862548828,0.005511272232979536,0.00019577020430006087,0.15434248745441437,120.50204693976848,11.444945366884376,5.707097547766844
0.996034562587738,0.016013655811548233,0.989231526851654,0.9970239400863647,0.1563543826341629,0.04829689860343933,0.15525639057159424,0.0006644018576480448,0.0015930752269923687,0.002171164145693183,0.1535002887248993,0.004628468304872513,0.00025218285736627877,0.15587332844734192,0.00042410343303345144,0.15688097476959229,0.00782286562025547,5.5851778597570956e-05,0.15622571110725403,121.67880696255888,11.31118502948802,5.847271077015093
0.9849753975868225,0.07111747562885284,0.9923579692840576,0.9829673767089844,0.15490436553955078,0.03897074982523918,0.15513935685157776,0.004521916154772043,0.006714262999594212,0.0034122574143111706,0.1470656841993332,0.006379360798746347,0.0023709202650934458,0.15418535470962524,0.007377314381301403,0.1545529067516327,0.010985300876200199,0.0009925935883074999,0.15242767333984375,120.11831411463208,11.486226406916094,5.835141275361098
0.9848886132240295,0.02878481335937977,0.991129457950592,0.9897652268409729,0.1588483452796936,0.026152340695261955,0.15818586945533752,0.0024777890648692846,0.0018057754496112466,0.0030240409541875124,0.156979501247406,0.011816820129752159,0.0026433186139911413,0.15534135699272156,0.004113225731998682,0.15469150245189667,0.01044709887355566,0.0009555657161399722,0.15251757204532623,119.45556215092074,11.519796029408266,5.725269081062624
0.9772679805755615,0.06862808018922806,0.9834889769554138,0.9666749835014343,0.15097375214099884,0.02966144308447838,0.15326166152954102,0.004442710895091295,0.014544747769832611,0.006969779264181852,0.1503598541021347,0.009096777997910976,0.002266078954562545,0.1526264250278473,0.005748274736106396,0.15322671830654144,0.01198540162295103,0.0017669362714514136,0.15306943655014038,117.09465123862029,11.549608118390633,5.69462800600505
0.9858691096305847,0.029270878061652184,0.9853399395942688,0.9765940308570862,0.15645235776901245,0.025229772552847862,0.1559910774230957,0.0035636743996292353,0.006617284845560789,0.009971626102924347,0.15331777930259705,0.008114398457109928,0.0012559773167595267,0.15674026310443878,0.001646140357479453,0.15650707483291626,0.007958509959280491,0.000499785877764225,0.15613429248332977,117.84689237768762,11.544816190212934,5.569441087480011
0.9753900766372681,0.015206390991806984,0.9528014659881592,0.9874130487442017,0.15150673687458038,0.02774849161505699,0.1467742770910263,0.0016322847222909331,0.014326033182442188,0.006292745471000671,0.15577423572540283,0.0029019243083894253,0.0020554945804178715,0.15726293623447418,0.006518596783280373,0.15761207044124603,0.013111579231917858,0.0010831394465640187,0.15539942681789398,117.13690615850501,11.280777902520208,5.719673074988242
0.9926315546035767,0.027116185054183006,0.996096670627594,0.9952278137207031,0.15926028788089752,0.028716709464788437,0.1592312902212143,0.0011856950586661696,0.0035315104760229588,0.0016164131229743361,0.15655045211315155,0.003610393265262246,0.0004419932665769011,0.1592165231704712,0.0011244177585467696,0.15635155141353607,0.009786049835383892,0.0004146920400671661,0.15896205604076385,119.62579300289508,11.369735269789285,5.713085696466081
0.995003879070282,0.01979382522404194,0.9916085600852966,0.9926884770393372,0.15647676587104797,0.03375625982880592,0.15493562817573547,0.00318153970874846,0.0014017208013683558,0.004872617777436972,0.15194514393806458,0.017444927245378494,0.002618340076878667,0.14772719144821167,0.004783516749739647,0.15720625221729279,0.013302729465067387,0.0005518660764209926,0.14979544281959534,119.86450679630506,11.625385761370662,5.858579027583232
0.9942857623100281,0.01645725965499878,0.9928659200668335,0.9810976982116699,0.15790937840938568,0.013373907655477524,0.1577995866537094,0.00337167433463037,0.00497912522405386,0.002121930941939354,0.15427911281585693,0.006937813479453325,0.0010551064042374492,0.15919679403305054,0.002665432868525386,0.1563851535320282,0.02008969895541668,0.00163344107568264,0.1582019180059433,117.51372042968869,11.48885445951146,5.781704020216318
0.9935861229896545,0.021556004881858826,0.9748124480247498,0.9927516579627991,0.1627386063337326,0.015079125761985779,0.15684664249420166,0.002190564526244998,0.002424631267786026,0.004389102570712566,0.1618940532207489,0.0020570403430610895,0.0030168918892741203,0.16247093677520752,0.0019846914801746607,0.16290129721164703,0.0033102864399552345,9.122234769165516e-05,0.15860478579998016,117.69568640463112,11.405252690825375,5.4155889714172964
0.9896273016929626,0.010729675181210041,0.9635715484619141,0.9886228442192078,0.1587139368057251,0.023763932287693024,0.15810799598693848,0.0008897025836631656,0.0025794757530093193,0.0015097284922376275,0.15757428109645844,0.0028586809057742357,0.0004637219535652548,0.1596435159444809,0.00048443241394124925,0.1599915623664856,0.0143771106377244,4.059149432578124e-05,0.15900127589702606,118.89919213944958,11.275384431788071,5.751851268150286
0.9940409064292908,0.020748930051922798,0.9945696592330933,0.9932470321655273,0.15950831770896912,0.023529771715402603,0.16087490320205688,0.0024703259114176035,0.002927253022789955,0.0012525473721325397,0.1554158329963684,0.0032402360811829567,0.0006981045007705688,0.16127750277519226,0.001936623826622963,0.16115568578243256,0.004903445485979319,0.00039196774014271796,0.160417377948761,118.04063393747784,11.458894669944595,5.525885872300529
0.98414546251297,0.1110953837633133,0.9782512784004211,0.9811649918556213,0.15034058690071106,0.04626324400305748,0.14907272160053253,0.01223092619329691,0.01286797970533371,0.006058032624423504,0.14848589897155762,0.0031611307058483362,0.003708844305947423,0.1523064821958542,0.003684931667521596,0.15113316476345062,0.00855261366814375,0.0010525897378101945,0.15108083188533783,118.98110378941055,11.874605095426901,5.7473246788499655
0.9875787496566772,0.0287033561617136,0.9805532097816467,0.9758231043815613,0.1422758400440216,0.03124130144715309,0.1503472626209259,0.00381574803031981,0.010713343508541584,0.012509052641689777,0.15344013273715973,0.015303153544664383,0.0035216733813285828,0.14990046620368958,0.007346839178353548,0.1560920923948288,0.01222358737140894,0.001668144017457962,0.14960144460201263,114.76077939725947,11.542043629965491,5.622440255980238
0.9920220971107483,0.007246245630085468,0.9951148629188538,0.9938747882843018,0.159812793135643,0.0162117388099432,0.15941894054412842,0.0016226328443735838,0.0038483685348182917,0.0025694428477436304,0.15687842667102814,0.007393224164843559,0.0008162272279150784,0.1600082367658615,0.0014516562223434448,0.1589747667312622,0.011666383594274521,0.00035467802081257105,0.15897251665592194,117.73749962853617,11.455607148178787,5.617972324135852
0.9819459319114685,0.03312453627586365,0.9799479842185974,0.9833269119262695,0.1578783243894577,0.026626011356711388,0.15652045607566833,0.002524356823414564,0.00621205335482955,0.005765930749475956,0.1550678163766861,0.006647790782153606,0.0020893521141260862,0.15678755939006805,0.002224457450211048,0.15701118111610413,0.007088118698447943,0.0008922711131162941,0.15666429698467255,118.40445942935767,11.497228838136927,5.601438987181521
0.9764330387115479,0.02162075974047184,0.9887558221817017,0.9932008981704712,0.15656667947769165,0.03779911994934082,0.15589992702007294,0.0020497585646808147,0.003294463735073805,0.004983408376574516,0.1554303616285324,0.007187004201114178,0.0011703292839229107,0.1560351699590683,0.0019298454280942678,0.15669716894626617,0.0046873693354427814,0.0003474410332273692,0.1559220403432846,119.74772596670081,11.475254954859588,5.656730455189196
0.971959114074707,0.023712774738669395,0.983012318611145,0.9923630952835083,0.15745224058628082,0.019067129120230675,0.15878000855445862,0.0028653242625296116,0.007277116645127535,0.001989904325455427,0.1504247933626175,0.005887357983738184,0.0034463475458323956,0.1590414047241211,0.0027523457538336515,0.15909512341022491,0.01378141064196825,0.0005041161784902215,0.15763533115386963,117.30754605613183,11.457760096028684,5.655432533781154
0.9981575608253479,0.009525454603135586,0.9962857365608215,0.9981338381767273,0.15846674144268036,0.040572118014097214,0.15826673805713654,0.0011890828609466553,0.0013413344277068973,0.0017897194484248757,0.15450350940227509,0.0019425562350079417,0.0004422411439009011,0.15812018513679504,0.0005780386854894459,0.1583930402994156,0.006039275322109461,0.00017259219021070749,0.1581827998161316,120.85866172017123,11.315779729277281,5.730313320351578
0.9950124025344849,0.010033420287072659,0.9760425090789795,0.9917155504226685,0.1585886925458908,0.04335392639040947,0.15852372348308563,0.0053223916329443455,0.0010500423377379775,0.002679336816072464,0.15019750595092773,0.005162779241800308,0.0013876787852495909,0.1577477604150772,0.001352428225800395,0.15855412185192108,0.0005750982672907412,0.00021645195374730974,0.15528810024261475,120.64046957948304,11.59681313785283,5.611029439354459
0.9902051091194153,0.018354156985878944,0.9699562191963196,0.9563559293746948,0.15990202128887177,0.01706618256866932,0.16012004017829895,0.0017556287348270416,0.0078091854229569435,0.0035687503404915333,0.1538706123828888,0.002859629923477769,0.0003951944236177951,0.16181138157844543,0.0015461171278730035,0.16021254658699036,0.005787495989352465,0.00145612598862499,0.16183896362781525,117.04967353552347,11.438330252473284,5.479128833101161
0.9922685623168945,0.04426892101764679,0.9925172328948975,0.9952852129936218,0.15676812827587128,0.048377420753240585,0.15564915537834167,0.0030881590209901333,0.003560388460755348,0.0010534751927480102,0.15420936048030853,0.0037730145268142223,0.0005663916235789657,0.15634499490261078,0.002021062420681119,0.154923215508461,0.00646197097375989,0.0007593066547997296,0.15244397521018982,121.89766529352637,11.334865776895596,5.824041412672979
0.9854481220245361,0.025680800899863243,0.9827747941017151,0.985302209854126,0.15785986185073853,0.034190885722637177,0.1552393138408661,0.004285518079996109,0.0027811494655907154,0.006729603745043278,0.15395958721637726,0.008439376018941402,0.001722519751638174,0.15666703879833221,0.0017650859663262963,0.155425027012825,0.008710803464055061,0.00035737932194024324,0.1518668830394745,120.13814441962168,11.496823700546006,5.717938931081045
0.9960077404975891,0.02628634311258793,0.9948585033416748,0.9889304041862488,0.15974347293376923,0.024932993575930595,0.15900656580924988,0.0026173496153205633,0.0023216167464852333,0.0015525263734161854,0.1543683409690857,0.0030549895018339157,0.0008444199920631945,0.1588982790708542,0.003995970822870731,0.15956619381904602,0.010692348703742027,0.0018069581128656864,0.1565980762243271,119.25459001783747,11.344272494052161,5.721495261766243
0.9902520775794983,0.016242804005742073,0.9819365739822388,0.98476243019104,0.158883735537529,0.01704060658812523,0.15967923402786255,0.0019492432475090027,0.00413769343867898,0.002520319540053606,0.15396460890769958,0.007077420130372047,0.000976563896983862,0.16069386899471283,0.0018787115113809705,0.15881961584091187,0.012039173394441605,0.001011408632621169,0.15932779014110565,117.54594830810092,11.4687798137007,5.63087951791627
0.9955686330795288,0.035289183259010315,0.9897118806838989,0.9969220757484436,0.15758873522281647,0.042783740907907486,0.15698181092739105,0.001732393866404891,0.00470042834058404,0.0022444971837103367,0.15550747513771057,0.004450187552720308,0.00028160656802356243,0.1564830243587494,0.0007929631974548101,0.15521416068077087,0.004292967729270458,0.0006789480685256422,0.15626707673072815,120.84884437738219,11.397001906946773,5.712145889611541
0.9930475950241089,0.017310207709670067,0.9890542030334473,0.9836454391479492,0.15245012938976288,0.018498804420232773,0.15431706607341766,0.004251795820891857,0.004934099968522787,0.002845050999894738,0.15169183909893036,0.012153753079473972,0.0015154407592490315,0.15631580352783203,0.0038364927750080824,0.15384675562381744,0.02629096619784832,0.0011357831535860896,0.1559162437915802,117.24872952622827,11.591611098531882,5.933509929803406
0.9900649785995483,0.020264269784092903,0.992741584777832,0.9910913109779358,0.1599552035331726,0.01609625481069088,0.15907548367977142,0.0018483949825167656,0.007941918447613716,0.0036625529173761606,0.15346401929855347,0.0039422111585736275,0.0006687166751362383,0.16059820353984833,0.002138382289558649,0.159579336643219,0.010434461757540703,0.0007459127809852362,0.15984895825386047,117.46961142590735,11.395813312469212,5.576531538584412
0.9954912662506104,0.019543936476111412,0.9909719824790955,0.9822987914085388,0.15442220866680145,0.037065137177705765,0.15477435290813446,0.009298405610024929,0.001170261763036251,0.002952687907963991,0.15262427926063538,0.0061777313239872456,0.002111989539116621,0.15310287475585938,0.006301232613623142,0.15499629080295563,0.015717843547463417,0.00044370951945893466,0.14884094893932343,120.27261084986385,11.614392003739932,5.907076708213106
0.9925785064697266,0.03666431084275246,0.9943305850028992,0.9850653409957886,0.15757906436920166,0.02158607356250286,0.15816614031791687,0.003321289084851742,0.004697009921073914,0.0027545341290533543,0.15387862920761108,0.0066776154562830925,0.003373085055500269,0.1581672728061676,0.002685273066163063,0.158244326710701,0.01151627954095602,0.00025448724045418203,0.1570988893508911,117.75369016316253,11.52418927039382,5.639404897749523
0.9935341477394104,0.014971082098782063,0.9676535129547119,0.9770134091377258,0.15883542597293854,0.01748260110616684,0.15794740617275238,0.0013949032872915268,0.0033827689476311207,0.005799201782792807,0.15327303111553192,0.004306938033550978,0.0010636158986017108,0.1596580594778061,0.0025752163492143154,0.1569954752922058,0.017601253464818,0.0012886543991044164,0.15839546918869019,118.4982025211444,11.321598623061503,5.770691853516968
0.9871364235877991,0.03932958468794823,0.978253185749054,0.993287205696106,0.15329277515411377,0.05750828981399536,0.1504947692155838,0.006949163507670164,0.003727387636899948,0.0030305515974760056,0.1527271866798401,0.009110942482948303,0.0014607348712161183,0.15122395753860474,0.005361669231206179,0.15119056403636932,0.009156834334135056,0.0015332092298194766,0.14323194324970245,122.94987558035646,11.47054920846492,5.982307860220315
0.987254798412323,0.018568918108940125,0.9785792827606201,0.9582480192184448,0.15838903188705444,0.005671427119523287,0.15877903997898102,0.003309368621557951,0.00710410438477993,0.0016736994730308652,0.15607300400733948,0.008157969452440739,0.0011090370826423168,0.16150526702404022,0.0017892136238515377,0.1580112874507904,0.019121350720524788,0.0010487716645002365,0.15825732052326202,116.13504018459935,11.485468365937132,5.648349299393618
0.9871025085449219,0.020793721079826355,0.9899802803993225,0.9808264970779419,0.15488284826278687,0.054735664278268814,0.1505167931318283,0.0018603650387376547,0.0027906454633921385,0.004696833435446024,0.1536329686641693,0.005658730398863554,0.001566049875691533,0.1548672318458557,0.0011634952388703823,0.1556304693222046,0.006573842838406563,0.00019829164375551045,0.1512257605791092,122.31718198906746,11.300344539643433,5.863460931644676
0.996292769908905,0.007863542065024376,0.989865779876709,0.9733914136886597,0.15983946621418,0.003034041728824377,0.1572982668876648,0.0015812022611498833,0.0017272074474021792,0.0025343503803014755,0.1506870537996292,0.002728808205574751,0.0005536671378649771,0.16114874184131622,0.002952336799353361,0.1588076949119568,0.03622986748814583,0.0013005367945879698,0.15957672894001007,118.14859261619858,11.178999489056595,6.034768014351409
0.9959404468536377,0.014079511165618896,0.997086226940155,0.9958648681640625,0.1619592308998108,0.013219084590673447,0.1613943874835968,0.0008196303970180452,0.005663695745170116,0.001378745655529201,0.1583852618932724,0.0023065204732120037,0.0002833284670487046,0.1623782217502594,0.0009866550099104643,0.16139982640743256,0.00758841447532177,0.0004021853965241462,0.16183476150035858,117.37265513985767,11.352534059896286,5.495622612326502
0.9930014610290527,0.01225565280765295,0.9686048030853271,0.977966845035553,0.15914925932884216,0.013875764794647694,0.1576828807592392,0.00198215595446527,0.0039466433227062225,0.0067463526502251625,0.15340079367160797,0.004554049111902714,0.0010076602920889854,0.15964002907276154,0.002446343656629324,0.15679419040679932,0.018510352820158005,0.0010815972927957773,0.15918202698230743,118.04405464634765,11.378132455415507,5.745490674824339
0.9873757362365723,0.02144463360309601,0.9833277463912964,0.988895833492279,0.15581946074962616,0.03786319121718407,0.15378420054912567,0.006706708576530218,0.006353336852043867,0.00517691345885396,0.14831757545471191,0.009615820832550526,0.0017786864191293716,0.15487881004810333,0.0025848383083939552,0.15419501066207886,0.008611972443759441,0.001038820599205792,0.15327468514442444,119.62174175840337,11.736176406816483,5.748892032719477
0.9972693920135498,0.01619136892259121,0.9950604438781738,0.9973430037498474,0.1586429327726364,0.03721185773611069,0.1585833579301834,0.0022380854934453964,0.0013508081901818514,0.0012873493833467364,0.1542370766401291,0.0039045216981321573,0.0004556150233838707,0.15761201083660126,0.0009688044665381312,0.1583690345287323,0.008365913294255733,0.0003039700095541775,0.15646864473819733,120.59092616799171,11.362621427913478,5.758834077831347
0.9798269271850586,0.022147683426737785,0.9625341296195984,0.987667441368103,0.1523117572069168,0.03391275182366371,0.14641080796718597,0.005789821036159992,0.006927095353603363,0.006101817823946476,0.14986096322536469,0.014909480698406696,0.002256188541650772,0.15419122576713562,0.0027120064478367567,0.15225164592266083,0.021303903311491013,0.0006773956120014191,0.15038318932056427,119.23483116937568,11.692398635945796,5.998952478171837
0.9823014736175537,0.02294091507792473,0.9630406498908997,0.9701287150382996,0.155838280916214,0.026406433433294296,0.1580965518951416,0.004028972238302231,0.005253579467535019,0.007549406494945288,0.1572999209165573,0.002672000089660287,0.001602752017788589,0.15907394886016846,0.003884322941303253,0.15553267300128937,0.004536917898803949,0.0002871472097467631,0.157937154173851,117.81907108769519,11.506999106611186,5.498616172458829
0.9937955737113953,0.008727768436074257,0.9668710231781006,0.9635419845581055,0.1606999933719635,0.01182550098747015,0.15798452496528625,0.0019822395406663418,0.0049628219567239285,0.005587523803114891,0.15404552221298218,0.004057560581713915,0.0006171620916575193,0.1616327315568924,0.0018997109727934003,0.1587873250246048,0.013659031130373478,0.0016254112124443054,0.16063298285007477,117.512080609845,11.419389497555768,5.628040057251417
0.9872661232948303,0.02208920568227768,0.9919686317443848,0.9858769774436951,0.15110184252262115,0.039587605744600296,0.15678703784942627,0.002689121291041374,0.004304900299757719,0.0056229704059660435,0.1487218737602234,0.00864711869508028,0.0012805166188627481,0.15208283066749573,0.0037626009434461594,0.15784752368927002,0.009878551587462425,0.0012348620221018791,0.15645064413547516,118.4712848402327,11.516261013030016,5.757949605487733
0.9936648607254028,0.02140001207590103,0.9936580061912537,0.9881590008735657,0.157911479473114,0.026838641613721848,0.158467099070549,0.002185683697462082,0.0038990399334579706,0.002643060404807329,0.15532036125659943,0.005765838548541069,0.0012677126796916127,0.1590672880411148,0.0018315097549930215,0.15837925672531128,0.007872519083321095,0.0005441310349851847,0.15800641477108002,118.50363971965854,11.45805466738938,5.626391679045694
0.9931485056877136,0.015609052032232285,0.9908723831176758,0.9934627413749695,0.15777458250522614,0.028889628127217293,0.1576344072818756,0.0030964764300733805,0.0010281064314767718,0.0038888391572982073,0.15536029636859894,0.008537918329238892,0.001496671000495553,0.15530331432819366,0.002064765663817525,0.15757276117801666,0.012118744663894176,0.00028426776407286525,0.1549491584300995,119.38819741012412,11.490458986192998,5.755064732218841
0.9907946586608887,0.025790372863411903,0.9912111163139343,0.9912784695625305,0.15650278329849243,0.03614828735589981,0.15647238492965698,0.0009734410559758544,0.003595177084207535,0.0017367423279210925,0.15566182136535645,0.00838231947273016,0.0015198261244222522,0.1570373773574829,0.004520675633102655,0.1570034623146057,0.006766952574253082,0.0002763611264526844,0.15340237319469452,119.88147617557551,11.35386204722729,5.715514817499799
0.9914916157722473,0.05208248645067215,0.9704617261886597,0.9973844289779663,0.15495990216732025,0.03733167052268982,0.15342077612876892,0.0006114610587246716,0.01212733332067728,0.0013718029949814081,0.15684185922145844,0.0009512790711596608,0.0010011788690462708,0.15866057574748993,0.0014825680991634727,0.15854991972446442,0.0052018132992088795,7.459638436557725e-05,0.15741325914859772,118.7696980230423,11.247157654180238,5.631927449867212
0.9970593452453613,0.006895614787936211,0.9938884377479553,0.9945131540298462,0.16048942506313324,0.023659266531467438,0.16034963726997375,0.0015889680944383144,0.0021378565579652786,0.002587337279692292,0.15782344341278076,0.0040147993713617325,0.0004814628337044269,0.16011445224285126,0.0012841039570048451,0.15979056060314178,0.006436049938201904,0.0002635191776789725,0.158979132771492,118.77581987594604,11.38938769653505,5.5763813360906
0.9865598082542419,0.030303211882710457,0.989496111869812,0.9891445636749268,0.15341836214065552,0.03616304695606232,0.15338961780071259,0.0037114338483661413,0.0032840557396411896,0.008884050883352757,0.15340566635131836,0.008822564035654068,0.001810490619391203,0.15356600284576416,0.001449561445042491,0.15383806824684143,0.015388796105980873,0.0002185634948546067,0.1526496410369873,119.66469444105459,11.471131351594966,5.853853266606539
0.9946575164794922,0.009338096715509892,0.9904084801673889,0.9664087891578674,0.1580137014389038,0.006200476549565792,0.15716670453548431,0.0022489477414637804,0.003266890300437808,0.0029560194816440344,0.155771866440773,0.007169496733695269,0.0006205153185874224,0.15991921722888947,0.002223228570073843,0.15659748017787933,0.027793193235993385,0.0012319037923589349,0.1588204950094223,117.27139119014609,11.385443598091916,5.871486910403426
0.9806010127067566,0.02994583733379841,0.9902369379997253,0.982327401638031,0.15396441519260406,0.040612149983644485,0.154647558927536,0.005785251036286354,0.002765186596661806,0.006954636424779892,0.14839757978916168,0.011540032923221588,0.0018616202287375927,0.15383657813072205,0.003158892970532179,0.15345041453838348,0.007903952151536942,0.0008713175193406641,0.15425041317939758,119.62171422982355,11.771579002736093,5.750148419532241
0.9800662994384766,0.052565328776836395,0.9714111089706421,0.9937982559204102,0.15014824271202087,0.04941423609852791,0.14967624843120575,0.004794548265635967,0.006353894714266062,0.004206257872283459,0.14242929220199585,0.011817161925137043,0.0070550283417105675,0.1524476408958435,0.005757450126111507,0.1475505530834198,0.016149155795574188,0.0009202746441587806,0.15128007531166077,120.68651581737213,11.720299603850382,6.031704810114393
0.9948886632919312,0.021824566647410393,0.9837630391120911,0.9859218597412109,0.15305520594120026,0.048653341829776764,0.15332059562206268,0.01092426385730505,0.004301294684410095,0.002947109518572688,0.15065398812294006,0.009751475416123867,0.0022434580605477095,0.15336862206459045,0.0025420573074370623,0.15199099481105804,0.003680519526824355,0.0005108904442749918,0.15205617249011993,119.99365042251301,12.014531740783621,5.705502681734457
0.9783734679222107,0.04053584486246109,0.9739862680435181,0.9816440343856812,0.15535862743854523,0.03593408688902855,0.15358491241931915,0.0036726149264723063,0.006770009640604258,0.007314079441130161,0.15283538401126862,0.007546692155301571,0.005053606815636158,0.1546047180891037,0.003045368939638138,0.15635442733764648,0.004177095368504524,0.0006321183172985911,0.15311624109745026,118.7707482637139,11.556041597817531,5.590566188227927
0.9946824908256531,0.028520071879029274,0.9903664588928223,0.9898210167884827,0.15808002650737762,0.04021028056740761,0.1557866483926773,0.0018320699455216527,0.003030048916116357,0.001148021430708468,0.15574102103710175,0.0007999856024980545,0.000869866693392396,0.15844453871250153,0.0016111430013552308,0.15803878009319305,0.006306681782007217,0.00014854977780487388,0.15795235335826874,120.69394424849597,11.337485561898752,5.737003285010054
0.9906812906265259,0.033008817583322525,0.993934690952301,0.995254635810852,0.1547524780035019,0.04571165516972542,0.1552966982126236,0.0023765452206134796,0.0037083884235471487,0.004091042559593916,0.1493627429008484,0.006471908185631037,0.0009699103538878262,0.15518887341022491,0.0018176004523411393,0.15444070100784302,0.010619631968438625,0.000468068610643968,0.15472380816936493,121.0442244988808,11.41558798254997,5.874567151302152
0.996783971786499,0.02010960876941681,0.9882387518882751,0.9906459450721741,0.15745894610881805,0.041718583554029465,0.155979186296463,0.007339110132306814,0.0010113128228113055,0.0016401621978729963,0.15524256229400635,0.0021612944547086954,0.0009481323650106788,0.15677176415920258,0.004293943289667368,0.15669186413288116,0.006653634365648031,0.0005577577976509929,0.15153174102306366,121.09832948273979,11.501153482934502,5.758615293062771
0.9938274025917053,0.02117757499217987,0.9894214868545532,0.9910503625869751,0.15765073895454407,0.03313342109322548,0.15528008341789246,0.0007994799525476992,0.004603883717209101,0.002269459655508399,0.15551581978797913,0.005484491121023893,0.00125583924818784,0.15767940878868103,0.0032873305026441813,0.15766224265098572,0.0079752616584301,0.00041999074164777994,0.15698254108428955,119.63175395716098,11.371802380776316,5.718663360551946
0.98619145154953,0.01468978263437748,0.9883883595466614,0.9963552951812744,0.1595780998468399,0.03508803993463516,0.15893445909023285,0.0013099565403535962,0.0015583760105073452,0.002919680904597044,0.15579195320606232,0.002197583671659231,0.00170685607008636,0.15696336328983307,0.002674734452739358,0.15976661443710327,0.0036869512405246496,0.00024075825058389455,0.15758267045021057,120.13279966595292,11.33699683632749,5.625770189926035
0.9870300889015198,0.03859468549489975,0.9875779747962952,0.9953129291534424,0.1497996598482132,0.05898623168468475,0.15276528894901276,0.0022772657684981823,0.0032833958975970745,0.004220928531140089,0.15236634016036987,0.008834819309413433,0.0012352776248008013,0.15314659476280212,0.0020906575955450535,0.15352973341941833,0.006439797580242157,0.00030356916249729693,0.15072032809257507,121.41126228662907,11.386428028938342,5.861940766326064
0.9962313175201416,0.026101162657141685,0.9980888366699219,0.9958679676055908,0.15798355638980865,0.03605907782912254,0.15813292562961578,0.002409891923889518,0.0025238723028451204,0.0012855228269472718,0.1548396795988083,0.0032770659308880568,0.0004883980145677924,0.15781959891319275,0.001068748184479773,0.15732324123382568,0.009102391079068184,0.00040840741712599993,0.15727756917476654,120.25706626889296,11.38538161847171,5.759742512298017
0.9918931126594543,0.007818248122930527,0.9842504858970642,0.989905059337616,0.15841716527938843,0.018278352916240692,0.1575261503458023,0.0025344223249703646,0.007590003311634064,0.002996038645505905,0.1512984037399292,0.01143990270793438,0.0011758420150727034,0.15908989310264587,0.0011283073108643293,0.15876735746860504,0.01045627798885107,0.0005447270814329386,0.15875716507434845,117.07904740058584,11.61991478089205,5.593031497696508
0.9918745756149292,0.01987774670124054,0.987986147403717,0.9877656698226929,0.1598939150571823,0.017644615843892097,0.1597144603729248,0.0030235478188842535,0.0027554826810956,0.005227687302976847,0.1591006964445114,0.006665903143584728,0.0026091791223734617,0.15999644994735718,0.0015815547667443752,0.1598040908575058,0.0024792971089482307,0.00011940051626879722,0.15938374400138855,117.05454872246192,11.60479491749349,5.390746361336874
0.9625664353370667,0.057577311992645264,0.9833583831787109,0.9751706123352051,0.15554669499397278,0.019244423136115074,0.15689699351787567,0.006017805077135563,0.004281776025891304,0.00323357037268579,0.1513928323984146,0.013685964047908783,0.003617537207901478,0.156777024269104,0.006540006957948208,0.15473303198814392,0.014350175857543945,0.001028836821205914,0.15265339612960815,117.34497475579846,11.729888775711292,5.695043855039717
0.9883072376251221,0.0883883684873581,0.9916642904281616,0.9882805347442627,0.1515752226114273,0.036607567220926285,0.15717916190624237,0.0030253776349127293,0.0024534205440431833,0.004508657846599817,0.15225949883460999,0.007584491278976202,0.0013548468705266714,0.1554413139820099,0.003697068663313985,0.1559474766254425,0.012252184562385082,0.0004665269807446748,0.1556471288204193,118.72980310784769,11.469060470186774,5.782825782401
0.9887597560882568,0.030951449647545815,0.9878306984901428,0.9827278256416321,0.16048963367938995,0.025024721398949623,0.15687280893325806,0.0028751862701028585,0.004527391865849495,0.0025937592145055532,0.15498539805412292,0.003794074524194002,0.0020775541197508574,0.15897996723651886,0.002299883868545294,0.1598711460828781,0.007068092003464699,0.0006306571885943413,0.15790976583957672,118.82683142757742,11.467959627125676,5.612453924029318
0.9946048259735107,0.020473813638091087,0.9856162071228027,0.9961878061294556,0.15532998740673065,0.06040773168206215,0.15537385642528534,0.001788416295312345,0.0013358363648876548,0.002695813775062561,0.1526961326599121,0.0037468168884515762,0.0008709811372682452,0.15422800183296204,0.0010594127234071493,0.15517501533031464,0.0010112023446708918,0.00013878216850571334,0.15414203703403473,122.80682156506809,11.348373852795689,5.776354049614097
0.9958167672157288,0.01891169138252735,0.9958298802375793,0.9934725165367126,0.15817515552043915,0.02778683975338936,0.15770775079727173,0.0026353406719863415,0.00241236574947834,0.0014387909322977066,0.15441490709781647,0.0040401252917945385,0.0008386230911128223,0.1576673835515976,0.002616720739752054,0.1570732742547989,0.016235236078500748,0.0010682306019589305,0.1558893471956253,119.80019028836395,11.338353798545699,5.8620683581676545
0.9726645946502686,0.01802235096693039,0.9903504848480225,0.9976003766059875,0.15538562834262848,0.058907654136419296,0.1514006108045578,0.002410837449133396,0.002938087796792388,0.001180819352157414,0.15353138744831085,0.0025549086276441813,0.00372138898819685,0.15533509850502014,0.00224023824557662,0.1540297120809555,0.002356897806748748,0.00016541102377232164,0.1538412868976593,122.6281775071373,11.417523768707849,5.80765884816485
0.9877753257751465,0.041879501193761826,0.9891124963760376,0.9911789894104004,0.15539662539958954,0.043699879199266434,0.15533645451068878,0.002527119591832161,0.005247257184237242,0.0025511605199426413,0.14958754181861877,0.004348411224782467,0.001703490037471056,0.15624986588954926,0.0035333067644387484,0.15562935173511505,0.00887910183519125,0.0005562066799029708,0.15475419163703918,120.7087236780906,11.3823636697911,5.8210452280867715
0.996000349521637,0.010167834348976612,0.987602174282074,0.9982357621192932,0.15790630877017975,0.037295904010534286,0.15596280992031097,0.0055337874218821526,0.0037125437520444393,0.0002657411969266832,0.1567533016204834,0.0017793664010241628,0.0005268955137580633,0.1578667163848877,0.0044061895459890366,0.15692168474197388,0.004197840578854084,0.0005647781654261053,0.15630614757537842,120.06204124143115,11.550472308929777,5.669459003182517
0.9927056431770325,0.019013898447155952,0.9905186295509338,0.9918832778930664,0.1547956019639969,0.043762337416410446,0.15611889958381653,0.0038554270286113024,0.00405168067663908,0.002185261342674494,0.15346306562423706,0.004669054411351681,0.0008834718610160053,0.15650565922260284,0.002366692991927266,0.15504556894302368,0.006024964153766632,0.0005606592167168856,0.15571165084838867,120.24884800260187,11.505035846477295,5.7401379225302716
0.991605818271637,0.007318568415939808,0.9825364351272583,0.9641866087913513,0.16069653630256653,0.009270862676203251,0.1589290350675583,0.0034489519894123077,0.004639918450266123,0.003438254352658987,0.15626905858516693,0.00683613820001483,0.0006994970608502626,0.16190622746944427,0.0016586605925112963,0.1558530330657959,0.014448319561779499,0.0013424342032521963,0.16056303679943085,117.2346793715842,11.590075293151603,5.623306435063931
0.9914724230766296,0.04605429992079735,0.9828891754150391,0.9816972613334656,0.1511652171611786,0.0526016466319561,0.15190532803535461,0.006092659197747707,0.003127138363197446,0.0034025777131319046,0.14547353982925415,0.005107355769723654,0.0033301825169473886,0.15240421891212463,0.005888709798455238,0.1515328288078308,0.01784018985927105,0.0008227337966673076,0.14930570125579834,121.9846261751256,11.456805880460415,6.108422320224723
0.9797847270965576,0.027995113283395767,0.9801156520843506,0.9908636212348938,0.1553831398487091,0.027497688308358192,0.15391108393669128,0.0009059061412699521,0.012676414102315903,0.007679144851863384,0.15497535467147827,0.002271952573210001,0.0012573209824040532,0.15651559829711914,0.0019907397218048573,0.1582936942577362,0.008366839028894901,0.0010512660956010222,0.15722376108169556,117.68524858258897,11.266084444610144,5.599037622895103
0.9894047975540161,0.045990973711013794,0.9927639365196228,0.9916151762008667,0.15514813363552094,0.046977777034044266,0.15426278114318848,0.004603276960551739,0.0019404172198846936,0.003102018963545561,0.1506815403699875,0.0077321482822299,0.0009000338613986969,0.15259498357772827,0.003086319426074624,0.15391354262828827,0.012873992323875427,0.0007614921778440475,0.15142151713371277,121.75377180709037,11.487404314746072,5.965449226674345
0.9909437298774719,0.043712541460990906,0.990934431552887,0.9905665516853333,0.16026926040649414,0.024347232654690742,0.1599888652563095,0.0019177852664142847,0.001680938177742064,0.004929660819470882,0.1566208153963089,0.0041756476275622845,0.0013123373501002789,0.1560410112142563,0.004187903832644224,0.1613278090953827,0.004404656123369932,0.0006875629187561572,0.15810853242874146,118.65725734921871,11.415284167728538,5.542850905193307
0.9937916994094849,0.040751293301582336,0.994988739490509,0.9885081052780151,0.15396562218666077,0.03851426765322685,0.1545235514640808,0.0036917333491146564,0.003990029916167259,0.0041547613218426704,0.149651437997818,0.012851014733314514,0.001798873650841415,0.15457016229629517,0.0022149155847728252,0.15478986501693726,0.011611291207373142,0.0005069509497843683,0.15316547453403473,119.54533634046092,11.6160184296652,5.820223333168049
0.9864359498023987,0.01800576038658619,0.9801576733589172,0.9948822855949402,0.15244002640247345,0.04176921397447586,0.15025821328163147,0.00725514255464077,0.005692215636372566,0.007108129095286131,0.14620426297187805,0.013832689262926579,0.0012109280796721578,0.1529948115348816,0.0013051272835582495,0.15323910117149353,0.013326488435268402,0.0005155056132934988,0.15284815430641174,119.5133507177583,11.84280345100053,5.870641193700594
0.9956240057945251,0.02131977304816246,0.9944475889205933,0.995682418346405,0.15655705332756042,0.0462312325835228,0.1559430956840515,0.004773734137415886,0.0018526262138038874,0.002631494775414467,0.15219612419605255,0.005358054768294096,0.0007568837609142065,0.1557173728942871,0.0012367984745651484,0.15597222745418549,0.005709034390747547,0.0004093601310160011,0.1546548306941986,121.12568101430661,11.546339088092669,5.766937444992882
0.9941995143890381,0.011129719205200672,0.9823777675628662,0.9847964644432068,0.15736693143844604,0.014076960273087025,0.15746071934700012,0.0030749172437936068,0.0061484738253057,0.0022468557581305504,0.15498174726963043,0.011418530717492104,0.0008460941608063877,0.15953363478183746,0.001686889212578535,0.1575782299041748,0.014093826524913311,0.0007328064530156553,0.1587534099817276,116.62509010962677,11.627182262787096,5.63216181109597
0.9931985139846802,0.049341995269060135,0.9759088158607483,0.9917073845863342,0.15413598716259003,0.06581088900566101,0.1533646285533905,0.0022162471432238817,0.0017588281771168113,0.0016302714357152581,0.14858494699001312,0.002020281972363591,0.0013364694314077497,0.1552901566028595,0.0012153012212365866,0.15419495105743408,0.005469752475619316,0.00013395222777035087,0.15283739566802979,123.73906405498273,11.276088080303502,5.937335930151552
0.9736192226409912,0.028810927644371986,0.9842191934585571,0.9853112697601318,0.15767693519592285,0.029449105262756348,0.1579975038766861,0.001746137160807848,0.006149311549961567,0.007701598573476076,0.1522645503282547,0.006419890094548464,0.0020380658097565174,0.1557096242904663,0.0017842139350250363,0.15810564160346985,0.004696600139141083,0.0007534822798334062,0.15750740468502045,118.46162463427754,11.468183499037185,5.555446706061497
0.9932831525802612,0.018513508141040802,0.9810310006141663,0.991070032119751,0.15651249885559082,0.032304227352142334,0.1563573032617569,0.0022122752852737904,0.0042710863053798676,0.0032020213548094034,0.1581554412841797,0.005360259674489498,0.002459370531141758,0.15876613557338715,0.003070726990699768,0.15909303724765778,0.0022315981332212687,0.00022849443485029042,0.15577545762062073,118.51128702751593,11.434319137338894,5.529945552084479
0.990059494972229,0.02533978968858719,0.9938531517982483,0.9894797801971436,0.15954361855983734,0.03354000300168991,0.15893590450286865,0.0023847243282943964,0.0037092366255819798,0.0012334249913692474,0.15761548280715942,0.003356670029461384,0.0004614326753653586,0.15967823565006256,0.0029611107893288136,0.15620721876621246,0.0025376095436513424,0.0004351448151282966,0.15740017592906952,119.95798439999344,11.434458583709178,5.59701125577355
0.9922406077384949,0.011646411381661892,0.9953356385231018,0.9871110916137695,0.16108541190624237,0.016007253900170326,0.16099639236927032,0.001600609626621008,0.004995978903025389,0.003372380044311285,0.1529061645269394,0.005582671612501144,0.0005215805722400546,0.16175363957881927,0.0015419389819726348,0.16060462594032288,0.007009575143456459,0.0006794894579797983,0.16134235262870789,117.44502870722208,11.477612093759985,5.507222079871979
0.9938706755638123,0.02098926156759262,0.9962592124938965,0.9964242577552795,0.15663789212703705,0.03586714714765549,0.15647588670253754,0.0011502186534926295,0.003794678021222353,0.0023936715442687273,0.15294323861598969,0.006190455984324217,0.0006547817611135542,0.15654237568378448,0.0010849101236090064,0.15581610798835754,0.013906699605286121,0.00033378700027242303,0.15620826184749603,120.30908371282858,11.34472541481566,5.869420415443283
0.9917087554931641,0.020774709060788155,0.9854876399040222,0.9874520897865295,0.15240657329559326,0.05465785413980484,0.1522330790758133,0.0035611665807664394,0.0024590715765953064,0.003797289449721575,0.14928698539733887,0.006033266428858042,0.0012232045410200953,0.15284037590026855,0.0029002416413277388,0.1534324437379837,0.012677314691245556,0.0010834691347554326,0.15140771865844727,122.12774167184253,11.389503893680738,6.016873951892956
0.9884188771247864,0.02734985202550888,0.9900587201118469,0.990336000919342,0.15684325993061066,0.03510056063532829,0.15859627723693848,0.0013329030480235815,0.004296973347663879,0.0030550726223737,0.15411175787448883,0.0025375972036272287,0.0007449534605257213,0.1585502177476883,0.001770521397702396,0.15760768949985504,0.006372392643243074,0.00034258750383742154,0.1587372124195099,119.45356185653945,11.351238001706985,5.662377486187316
0.9960444569587708,0.00874657928943634,0.9965187907218933,0.9975579380989075,0.15900152921676636,0.025190595537424088,0.16031354665756226,0.0028399801813066006,0.005589436274021864,0.0008510215557180345,0.15716929733753204,0.003575979033485055,0.0004543645482044667,0.1606736034154892,0.0010923672234639525,0.16019360721111298,0.002294698264449835,0.0004528581921476871,0.1603071540594101,117.78231724645593,11.510026765707398,5.47070417661336
0.9942124485969543,0.0092197610065341,0.9877532124519348,0.9959184527397156,0.1591639667749405,0.028548220172524452,0.16022421419620514,0.0014906248543411493,0.003009709296748042,0.0024213134311139584,0.15442107617855072,0.002844699891284108,0.0005567576736211777,0.15992216765880585,0.0014572078362107277,0.15942679345607758,0.0062509519048035145,0.0002400934899924323,0.16002216935157776,119.01587437032431,11.388200624083229,5.609159988042791
