Hardness,pressure,bias,flow,Cu,Al,Fe,Zr,V,Co,Ni,Nb,Ti,Cr,Mo,Mn,W,Ta,Hf,ave:num_f_valence,var:evaporation_heat,var:num_unfilled,var:vdw_radius_alvarez
19.471481950285224,0.3360317051410675,0.6061607003211975,0.20121826231479645,0.11958004965577188,0.10595111662514878,0.01188291881575263,0.10765659823355006,0.0776924472661628,0.07434893030652495,0.031174196530967997,0.11895855096904655,0.0024629213807902763,0.03333488281413322,0.025734398400654918,0.0413237875978371,0.00943968716786587,0.12478154675929838,0.11567796747649459,3.4985888196512236,29834.791716757107,5.458757664851853,115.7457679168998
27.98540102449641,0.09532682597637177,0.17775574326515198,0.2747800946235657,0.13046929942604935,0.11429035155152606,0.0010785702170846704,0.1251157472141334,0.06096528857420837,0.10772727279742356,0.01368242788947299,0.13073343057688075,0.0004295286245113705,0.03770708556415314,0.008102929241731996,0.012797239267584538,0.001188664292368499,0.13154244118805844,0.1241697235748129,3.596611606773358,28342.789978994777,5.790244290542221,123.82147422528138
16.80934472043441,0.5629448890686035,0.5418402552604675,0.20446038246154785,0.09901740232085342,0.10435637852086935,0.020342802499746272,0.07668485276185531,0.08535934273504392,0.0545688745947436,0.03955204492220498,0.07973162992722142,0.01912282784285973,0.04584624165515367,0.052632097296314,0.07031643814717545,0.0370923263915805,0.10945568515781565,0.10592105522656273,3.5345669348634234,32183.63810530755,4.811325025187495,108.5413530352279
25.752000437499984,0.10567718744277954,0.32307079434394836,0.3159751296043396,0.12692123918706452,0.11463616272216388,0.002102684252478204,0.12285534449768419,0.04625252746161989,0.11002912597948036,0.02185866041286439,0.12713960912912112,0.0003501289348040861,0.049454140373178634,0.014957609633636999,0.01722652640577097,0.0012651405962223917,0.12821971053192618,0.11673138988198414,3.4470273741418582,28666.00785546581,5.749250813604446,121.38754394443991
17.675904075229795,0.4418368339538574,0.6721441745758057,0.16797968745231628,0.10346306731941558,0.1063621229437781,0.015919550212312002,0.0827410661471711,0.08276018828617336,0.06005707861720216,0.04014772612478991,0.09075301013641662,0.006448801499044088,0.045281218119385507,0.05379140749270384,0.07033871564040244,0.024540355212681678,0.11159543081485493,0.1058002614336687,3.3871046644568747,31499.107138476425,4.92160760485134,109.75630715420402
25.09647227586651,0.06365618109703064,0.47653627395629883,0.3680124878883362,0.12083561353022744,0.11266526168977384,0.004979242693823748,0.11921126039308297,0.06906592978865321,0.1037776228470433,0.028957326235148035,0.12160067325387588,0.00034651745859464725,0.03704589138180401,0.03132572173669974,0.01453812069923497,0.0007005880306666067,0.12265594548124494,0.11229428478012667,3.299111456088535,27451.319113421145,5.652804299552676,118.3614114320625
21.33967210443263,0.1209387257695198,0.21148012578487396,0.388213574886322,0.12920510920382472,0.11887985585380142,0.005337354378573047,0.11700151322833334,0.06282266548236032,0.09782910072369648,0.015249950719071181,0.12622617593458865,0.0017726184175287784,0.0471458171011179,0.01907359868771404,0.013724206869700262,0.001732191842517238,0.13118329932533343,0.11281654223183916,3.4402484675956577,28702.874944133244,5.625264909255149,121.87632000968813
12.609623119760334,0.9620417952537537,0.9192779660224915,0.017341529950499535,0.12094299636639184,0.12280860449515514,0.007343295805133581,0.0016997591617679791,0.08237182619270003,0.007454186455774313,0.09894843036173613,0.009992625987189852,0.02659915010945848,0.04058585045601291,0.12215473287962268,0.10673518127540549,0.010395555847491808,0.11899797221366097,0.12296983239249878,3.533087046351122,30266.73178227504,5.18187898354025,108.30912092883672
12.389297765972675,0.9879034161567688,0.9594624042510986,0.004921880085021257,0.1270238735193844,0.12920754032782242,0.0054737433324898235,0.0013976250335538851,0.09841628569273256,0.01046344092293947,0.06482710016429426,0.004702962791400006,0.011196180716506474,0.053608862403044806,0.12506108722050577,0.10806728728958485,0.003842217481176588,0.1272907284912072,0.1294210646133575,3.6477561482003784,30341.867951357475,4.929567601209631,111.49417825461687
13.005556545178237,0.8529828786849976,0.8151755332946777,0.041115932166576385,0.11671909349230772,0.12237941573098754,0.018609990202285195,0.011609053705589747,0.0835728127492469,0.023309766229226814,0.07091296014239427,0.029258916703562284,0.02153539246441871,0.04726286740000793,0.10472502481043,0.09019716160368607,0.01741023604866364,0.12037763984162379,0.12211966887556938,3.6387056267219955,31231.224196945084,4.9899029710955265,111.66182477941493
11.818762217445897,0.9728538393974304,0.8372166156768799,0.014690977521240711,0.12418397410739643,0.12454790579811947,0.004095974611641274,0.0014938285203566532,0.07843943561456387,0.008358780236695585,0.10887159642935729,0.015704348178658883,0.025362393854826425,0.029335438958281286,0.12398502730387348,0.0970110229270542,0.00998116408201096,0.12309349486097661,0.12553561451618758,3.6205438284284517,30428.46772730221,5.363664965443355,111.1567142401855
26.6946458957859,0.06283129751682281,0.5450964570045471,0.3513198494911194,0.11927546615048476,0.11119351541745348,0.005695032960332784,0.11722871981512947,0.06698848964596252,0.1046272151629803,0.03178794879383353,0.11916909297154604,0.00036828743479019237,0.04016136246895383,0.03793161698735384,0.017250201842768008,0.0007452588235266462,0.12041451052478455,0.10716328100010002,3.196522704877757,27453.678371000082,5.6116069559728405,115.86136493313106
13.074194586322372,0.9385901689529419,0.9123452305793762,0.019333427771925926,0.12041397338800533,0.12200336659619757,0.003090497479432248,0.0018775991103708372,0.10849235265611656,0.007321831655882116,0.09722840241111694,0.007313623010594973,0.024466477446107127,0.020296009185642318,0.11904519534308337,0.11239517208362902,0.01071931351283464,0.1220509156525636,0.12328527046842336,3.5847769948735033,30366.98004179929,5.20178759450985,108.11665971099578
11.104494390223461,0.986902117729187,0.9452754855155945,0.005051387939602137,0.12680187742429366,0.12874834772273214,0.004977343997913416,0.0011099121133602405,0.10027092740389626,0.00804429203221839,0.06893042371574774,0.005078830322030553,0.011367791129648612,0.051363453819976625,0.12539775331475583,0.10783099954851831,0.0037889834972993264,0.12721602020521486,0.12907304375239403,3.641092664368716,30294.705046209092,4.958722900517074,111.25332306259774
27.678954329269786,0.07218993455171585,0.38805514574050903,0.46067875623703003,0.12389340522371237,0.11164496054114481,0.005390335094400993,0.11866876677018523,0.07285032910891663,0.10269214883778267,0.025094255457393806,0.12309364782408061,0.0006921193329901152,0.040198023325302326,0.025958789455462324,0.014325647589113831,0.0011304177847421377,0.12506895973175083,0.1092981939230213,3.2969660001532004,27721.070169066974,5.6569946447474235,117.42478369098491
28.407164471438872,0.06144384294748306,0.24327826499938965,0.4782439172267914,0.1303404408503996,0.11939684250751514,0.0024705847203142016,0.12547694017864386,0.04385805930767021,0.10543491678230021,0.02065062119199055,0.1282165975914239,0.0006751361292062422,0.04911160325755154,0.02625960354718518,0.010023458882789573,0.0006115656305292069,0.13107238183685677,0.10640124758562386,3.3331927307421383,28598.79258711318,5.736844941446638,120.87890159767213
20.304912500185978,0.3533708155155182,0.6606850028038025,0.224956676363945,0.10798420820344999,0.10137247450897176,0.012372275351771392,0.09946816440313917,0.07834239298678679,0.06663821976326466,0.03701075673213357,0.10500749820310597,0.004646975185628568,0.04343807865305001,0.039635850741964254,0.061551419233385085,0.019759939097768752,0.11565280226039137,0.10711894467518866,3.395443604466883,30983.396398658937,5.122503283232227,109.73411413610117
16.610529068300174,0.6528977155685425,0.7277045249938965,0.0526605099439621,0.11547892031902172,0.11343870458012024,0.008960692267977811,0.04047323561118728,0.08193552326275585,0.030680856047992363,0.07603762523675958,0.08278043005219744,0.004073630105066502,0.026872071272503815,0.09811330357018992,0.08023909280650464,0.018185405429708496,0.10740851178829815,0.11532199764971618,3.37282280814812,31348.982864150912,5.168789048139291,113.0731798359322
25.700619651154852,0.31037724018096924,0.14676553010940552,0.29363715648651123,0.14605572279946197,0.1381587344418283,0.0020116848977070863,0.1313464157743673,0.020651790276538705,0.07752818235852556,0.007749812382580081,0.14198997374254718,0.001095402010588986,0.03417772656219065,0.00500645256225403,0.004876770276406225,0.0013202124313427355,0.14840187551345457,0.13962924397020665,4.0509186468100555,30375.50637377892,5.94190905162192,139.58817666601814
15.873808508313434,0.7719529271125793,0.7850008606910706,0.046323079615831375,0.11796968220451262,0.10992041669472788,0.004311927805230826,0.020725080152296595,0.08442219374073637,0.027933293072234175,0.09429618579069844,0.060663805889386066,0.011407334637039517,0.020283057294049875,0.10586905819072828,0.09138067702580766,0.02200819881680191,0.11335766278944794,0.11545142589630183,3.5114420250357243,31925.92609640496,5.276652126550415,109.73373824278055
17.655833778173104,0.7055203318595886,0.6744300127029419,0.05075230076909065,0.11151977973245876,0.11891734791057716,0.014457058694035652,0.02923629358753007,0.10211036967257775,0.026926149488222324,0.0479776036085855,0.060534537365656324,0.010101035630149562,0.057035620029129874,0.09782314794215005,0.06997472269311937,0.021052636108516327,0.1135215411253945,0.11881215641189677,3.5474086710413064,30983.122710408614,4.745858835035923,113.29078482070794
23.13070892739495,0.08390279114246368,0.6044030785560608,0.2978574335575104,0.11415353505614376,0.10489937077471104,0.0038622317109503323,0.11179016482794561,0.06300641310700968,0.10340754574579303,0.03872606590424263,0.11430377285422484,0.0005302441239049467,0.04571773884721289,0.04316300127874323,0.03463809023188103,0.0013211730865329366,0.11564300883758892,0.10483764361311511,3.1052255575213183,27988.57212322356,5.512861995790054,111.40499481968119
29.490064040053618,0.03019227460026741,0.21980783343315125,0.4032365679740906,0.12708949801817945,0.12017819959657632,0.0016315024725515482,0.12453456597581664,0.06571465751508891,0.10628862264674116,0.018021314922698123,0.12592557904446358,0.0002663643227283763,0.03799713063241391,0.02751257839418408,0.004146516907337525,0.00017430451982641958,0.12741186875032204,0.11310729628107191,3.369708573717084,27444.365057566487,5.694746250644586,122.72277394343374
26.664807794644528,0.08161064982414246,0.20558026432991028,0.47334372997283936,0.12579708747032317,0.1061118226548336,0.007065575438907885,0.11213006351725789,0.082074744748278,0.10427342904603608,0.01761855486354414,0.12531818716872556,0.0014067849832371945,0.0441454730977484,0.01671101153331854,0.0149040967716954,0.002902538826214105,0.1268918592247114,0.11264877065516864,3.394204361885318,27948.06226405925,5.62343471146554,116.20251201266146
29.260437991983814,0.10013625025749207,0.35750648379325867,0.425793319940567,0.12493167618346226,0.11099904070638464,0.004196294894491533,0.11720381496682175,0.0724896585136073,0.10550917648719109,0.023510176363606812,0.1247580690962912,0.000679527700140141,0.039619548858744705,0.017112737447027453,0.017095017118772975,0.0019939068891169243,0.1259466267773805,0.11395472799696074,3.386533663288415,28059.710636166743,5.6963592333592015,118.78291580712964
22.946139283062305,0.09293079376220703,0.48881280422210693,0.3626042902469635,0.11547700164512291,0.10256938620544243,0.0045029399237832635,0.11220727022570434,0.06692453834921479,0.10301936137864091,0.03843656243645274,0.11545360310495753,0.0011926908559974807,0.04803458944249129,0.04266834952775837,0.0296012567859104,0.0016831793905862239,0.11708035741454333,0.101148913313394,3.0787743016593296,27792.09751156534,5.531884142146744,109.67878133952789
17.917546486404206,0.6815511584281921,0.777668297290802,0.05725809559226036,0.1036889428198907,0.11565727838370353,0.010863687174605495,0.03739620142195045,0.10084657849960735,0.04103802479304375,0.060326342602225934,0.05108698020204672,0.006823560085945995,0.0494245786488608,0.09174605026084286,0.08882642824595688,0.022257718151933455,0.10639472024332063,0.11362290846606546,3.3918548560584734,30916.799557443017,4.778133751200433,109.62704226007882
28.032392020886846,0.02541239559650421,0.30563613772392273,0.5269870162010193,0.12343904692603345,0.10264763116467353,0.001606255047968496,0.1223546508815823,0.058718387641189904,0.11726740548582686,0.028327461197259478,0.12387415260355923,0.0002154907436775251,0.03892624627696634,0.027459383620348513,0.016585006196202474,0.000230504483443566,0.12416306579366698,0.11418531193760137,3.3401043510059667,27466.879390455957,5.793868974610294,115.14096194991579
17.505208530351716,0.4722258746623993,0.7486714124679565,0.20686551928520203,0.1101932637294117,0.10426899487486484,0.011272561566826782,0.06470370214305489,0.08852424728427855,0.044000312666005285,0.06342325867439233,0.0881348075053774,0.009354800987975745,0.02559704892661434,0.06965149330707053,0.07445205377635875,0.019582100853839147,0.11458827207942378,0.11225308162450594,3.4499283638087643,31209.569206846943,5.201182447220593,110.0971901888386
14.650494834043775,0.8627946376800537,0.6807613372802734,0.03128006309270859,0.13477459426717886,0.14028866514259386,0.03083720033329169,0.012704555311107287,0.03899305801457577,0.017642311752238387,0.04524224529236424,0.0620517884475791,0.023000052947818858,0.07822266422897059,0.09409841432324839,0.04103371282475788,0.00987779687661825,0.13836277386810378,0.13287016636955307,3.9355503195998516,31811.038219547783,5.140684087464735,126.1145873485783
29.114488192116134,0.03052067942917347,0.282436341047287,0.48301446437835693,0.12551142836748228,0.11010565206977353,0.0021437558041310038,0.12385843226990205,0.05847227642183969,0.1197744324720321,0.022924424756628054,0.12517748642785895,0.00026619238370103297,0.03557462868366535,0.03139272529486126,0.01444292137416498,0.00020373057333949454,0.12579943791209452,0.10435247518852571,3.224979011435436,27738.580281433802,5.74453704842943,116.0498732042816
20.71158399958244,0.3026847541332245,0.3400534689426422,0.18270808458328247,0.10767114797202228,0.10400239992298538,0.01025804420232875,0.0828766403386609,0.08860834243474819,0.08553163661284895,0.029929744637172333,0.10561234986394863,0.0026308056684125514,0.03848989433051273,0.048687511011179324,0.06393266762562368,0.019204828838882287,0.10794422357210255,0.10461976296857146,3.2447634153137885,30560.752190298754,5.0350906287916635,109.91426143293491
14.184939354050845,0.7044826745986938,0.8175751566886902,0.08146966248750687,0.11299819144045842,0.11639588117878168,0.01063691462359524,0.03251396682726429,0.0963155972804033,0.04060020717536298,0.06345737772880933,0.04925742912528947,0.0074428580780448745,0.04277450072717629,0.08929750755437524,0.08589038373002753,0.019559116464733094,0.1175554107968797,0.11530465726879857,3.5338685834257593,31375.252884228532,4.98595755983002,110.82585152353408
13.232968010936561,0.8680968880653381,0.6413625478744507,0.04112670570611954,0.11523538504671617,0.11742492186518305,0.007377293017522961,0.009989964856443184,0.09587468837018595,0.018805618278660643,0.08845826847099975,0.026161870752681254,0.028441110467064882,0.0287039129631806,0.11388295990346427,0.09622334384445048,0.022089428866217842,0.10869732567300694,0.12263390762422204,3.5478892702882545,30644.818947481785,5.14541994738334,109.6560828751487
10.65857952431816,0.9870499968528748,0.95615154504776,0.005252494476735592,0.12563646497737965,0.1271269994664402,0.004377773121235849,0.0004670533765238539,0.10228350661832468,0.004518641201316802,0.08919267734967534,0.0017317036198708133,0.027916958635787217,0.028369315194269443,0.1259227144404174,0.10723252825564653,0.0021640839011431647,0.12539928576082454,0.12766029408114454,3.5731312924035716,29424.111246408724,5.22395526566304,109.55436080033206
23.130397724823204,0.07035622745752335,0.2786124348640442,0.3631974756717682,0.11520321032308657,0.10463756680341994,0.006090246762723652,0.10227906477327207,0.08799859052101863,0.09907310075920998,0.03619143766634976,0.11308347645432375,0.0015052356560541324,0.053408999905503074,0.04446132051525598,0.023310485256612713,0.00373223470787836,0.11543414588553295,0.09359088400975842,2.9786017044443764,27449.63743822348,5.409440555395553,108.03374387544676
29.152875185087133,0.07598934322595596,0.2205764353275299,0.3982667028903961,0.12856510455610215,0.10775649294090037,0.003029951239300005,0.12132900039299588,0.0773551505734223,0.10903814339587287,0.014833505779320444,0.1288265645035082,0.0005850371309212176,0.03223664923607918,0.011137789066521134,0.015458993743509711,0.0013312043981234642,0.1296355010148628,0.11888091202856031,3.497866644181652,27950.503007376254,5.750761268107531,119.33420281499751
15.509927966602781,0.9099480509757996,0.9053762555122375,0.034467797726392746,0.12059165305875201,0.12484184305053349,0.005843523470119413,0.011769024263896479,0.103462023685635,0.021776527707412424,0.06623310859182902,0.01762452979286462,0.009138708043952191,0.039288416107590346,0.11249013328219624,0.10693401158359454,0.009893931028471465,0.12531460161811403,0.12479796471503875,3.6400909630627396,31039.48377286365,4.946728016467155,111.38339658775432
10.557484740182426,0.9747829437255859,0.9136731624603271,0.007581868674606085,0.12358817430595748,0.12517103706336055,0.0031299984496861283,0.0009811982531642892,0.10371459760724704,0.00391875512162908,0.09409303360396096,0.0034875279892359052,0.03241399406933095,0.021440400199815253,0.12377412375940011,0.1097429747840048,0.00434660772122236,0.12386421595939989,0.12633336111258522,3.563618587104905,29585.62998040888,5.262457728561064,108.89328487662611
16.20276619378162,0.3620638847351074,0.6206917762756348,0.17265787720680237,0.10650715717481933,0.10549555985832032,0.018358179447056974,0.0664781248709276,0.09045550264916978,0.06679942498034173,0.04996305497107466,0.08983221988607104,0.006360060838789566,0.047391397618808236,0.061562772990621545,0.06497130716862982,0.024577773708344523,0.10215399098832793,0.09909347284869695,3.161553325635171,30604.503984521005,5.013499372419258,107.09265488043108
10.693876133920702,0.974923849105835,0.9045827388763428,0.009081230498850346,0.13340364072552183,0.1359645785154964,0.015930669896150988,0.0015443482500453966,0.06325265053459493,0.01265345573875878,0.06387668729544185,0.009296119094311064,0.04056044924545332,0.06585925881615869,0.1254765325017419,0.06002700919061879,0.00226653549152958,0.1342578557836618,0.13563020892051467,3.810164402739885,29150.28536683534,5.256506896267678,117.22793510070547
25.2238434712514,0.13622093200683594,0.3699827790260315,0.31706857681274414,0.12308513683354526,0.10753179240162641,0.0034413008515771955,0.11799280022444252,0.06931195972997986,0.09647468661527771,0.020007318739195704,0.12468731288344286,0.000994721373695037,0.04015663206705789,0.018417783302733626,0.031196230002246382,0.0031445781151216955,0.12609785285530284,0.11745989400475502,3.4538325496525144,28912.145992575824,5.569993025566458,117.62039827567449
29.03268462330129,0.056228552013635635,0.11702428013086319,0.27672114968299866,0.12646121597792195,0.12495814177082382,0.004522743034302536,0.10695517885634834,0.08554986497677548,0.08671738293250073,0.006280361256322671,0.12681045369089808,0.0004446021173166703,0.06151092725593662,0.010963080187052358,0.00710653671472231,0.0007717727876273509,0.12801323361997066,0.12293450482148044,3.5240731572070985,28107.394590063395,5.387956627303021,126.36176131097972
24.397480908498796,0.0953228771686554,0.5646847486495972,0.36023765802383423,0.11488818354598015,0.10454688848479088,0.0057300991102885515,0.11232519575621805,0.0653758377924672,0.09905420412553939,0.03711555408459392,0.11651168866992546,0.0008775522472616204,0.05041836334424013,0.03939291148382226,0.02999334046364594,0.0023287033189304794,0.11778204639466787,0.10365943117762812,3.1327825324771705,28050.84457281507,5.494914936765145,111.23828931066546
21.119468890958885,0.2138005495071411,0.5808215737342834,0.279052734375,0.10876808129491786,0.10650756132470661,0.01029264661022889,0.10515941854145211,0.07628909009114844,0.08676069541113883,0.03415607430202738,0.11151966010508459,0.0021157082656755644,0.04849014996385376,0.03803986751837244,0.04247510274946972,0.008153603049065601,0.11504066918252683,0.10623167159033141,3.211963213506934,28973.873779318907,5.248831823740218,111.91142872573593
12.314587819494065,0.9857861995697021,0.9611637592315674,0.004535761196166277,0.1278157575361696,0.1298371682939899,0.004487414788397687,0.0009665165794028904,0.10311276102455529,0.006659509269747944,0.07266751239280037,0.002319601268971105,0.016508419666905534,0.036943147388520475,0.12734008839044603,0.11042444237273798,0.0032593275638187025,0.12750423421857257,0.1301540992449639,3.6528472543829724,30186.307766702528,5.049742492175682,111.69328973869793
27.3941368834119,0.1200028508901596,0.2514897882938385,0.35457128286361694,0.12413855366394072,0.10878945834592053,0.001686662689103204,0.12068759012130023,0.07522435765054175,0.10362328800498631,0.017917149422654124,0.12566120573067693,0.0005432559212319944,0.034277850009521216,0.01267998320966129,0.023113298819397787,0.002195781277473335,0.12654534431374784,0.12291622081984276,3.523202849754895,28227.362563151415,5.661228012903894,120.11813853650179
24.55032353179599,0.10169711709022522,0.37589967250823975,0.3599824905395508,0.12639385073058237,0.1126850282354269,0.003228622896470219,0.12286562655149316,0.05799355495133664,0.11214062124190877,0.02210670555741997,0.1264979567898369,0.00033503238569718684,0.03695842481720884,0.017649217016925928,0.018091595345825367,0.0010598843608657295,0.12762816620025863,0.11436571291874335,3.4027526887181487,28322.88086527134,5.763409687361338,120.0087337770417
28.7752444281001,0.06160716339945793,0.1076933741569519,0.4790462851524353,0.1337108686864354,0.12419383266254912,0.0018666748042060555,0.12969555614852563,0.06259976043817884,0.11816708781481058,0.00802149831317871,0.13284709734073563,0.00023719784768460556,0.024741212556448275,0.011040909009597666,0.004727457980172297,0.0002621852730245874,0.13387673507382902,0.11401192605062362,3.474111849564682,28153.981439588402,5.838777810479241,126.34902102348596
11.690191088194556,0.8765804171562195,0.7939667105674744,0.07080396264791489,0.10878990578807468,0.12356626590770287,0.01836416177064635,0.008657104061126452,0.09785230327208827,0.019957314478944367,0.07458171617233258,0.017971166178339926,0.050739461379850824,0.03988594492063673,0.10906287411527159,0.08329610997907924,0.015382604139891039,0.10492009861488978,0.12697296922112528,3.4618594076626854,28521.785616090805,5.034224533100264,110.57920666884726
15.545062428535278,0.7721090316772461,0.8558835387229919,0.053996071219444275,0.1156725631521385,0.12023221770051058,0.006980363002634723,0.023311919869827835,0.10401679015356731,0.024954701569156263,0.06511621890321437,0.03082166613435458,0.007636737888332857,0.039633596081771846,0.10118973231193294,0.0977639945571819,0.020158606958409514,0.12129292241005697,0.1212179693069098,3.6773729814552683,31811.73579397377,4.926541013936866,111.76894453889986
14.409162198816691,0.8883779644966125,0.8900666236877441,0.031016388908028603,0.1187394899984192,0.12343142580697614,0.007461213046333413,0.013002471646031221,0.10381125922168394,0.024001687542562215,0.067397306480888,0.022382501030123576,0.007822364631640426,0.0407138229583844,0.1088335105818524,0.10235877113594477,0.013622288652468818,0.12300776184194619,0.1234141254247453,3.640618462868244,31215.60527641053,4.937193061080458,111.46025100457496
10.344865276358522,0.9666271209716797,0.8970819711685181,0.012028343975543976,0.1369615785936054,0.1380211150511313,0.015756033257969197,0.0009585700058556515,0.06296705300697597,0.007104995728507483,0.07980574820676055,0.005277255177428393,0.03193527406936703,0.04863021495841852,0.13284349995161768,0.06243116009656138,0.003211565096423834,0.13487102058984968,0.13922491620952793,3.8823050265412204,29412.454299368306,5.415903715253316,119.18813894100458
12.721606512133977,0.9587302207946777,0.9315417408943176,0.014885518699884415,0.12445106656767013,0.12730211867992425,0.0037423645859712695,0.0033504889718126477,0.10326968244386063,0.008975240012207276,0.08150984367318927,0.006295928019702003,0.014024223811379716,0.03077160216344422,0.12210282154861622,0.11264273910570992,0.0067986473001654755,0.12709202838677522,0.12767120472957175,3.661866325831175,30685.668187731986,5.083689385627379,111.17015986094853
23.651937350153766,0.15954190492630005,0.617646336555481,0.3179537355899811,0.11367974377275288,0.1094819810904736,0.012745384180865687,0.11037543485421801,0.07142440495074098,0.08724703441954862,0.0367908095582887,0.11502270045958919,0.0013864866178352378,0.04781497986068453,0.039690654305385424,0.02694548587901868,0.004091266261602421,0.11806427074113138,0.10523936304786467,3.183528600708379,28146.917020488352,5.41522899421035,113.49185217564124
12.365816537623077,0.9907126426696777,0.9647876620292664,0.0033588570076972246,0.1279923495267018,0.12942953341833124,0.005231528570736567,0.0007178545628040418,0.09558385548333963,0.009220320005261896,0.061439307136867974,0.002125993968901301,0.020218346734595976,0.05728373065007601,0.1267841715950339,0.10505266478266727,0.001983120787680363,0.12738154036566438,0.12955568241133764,3.624884809905553,29872.815284306107,4.948547663664362,110.9031709726064
26.840436401965068,0.06503128260374069,0.2427576780319214,0.4425916075706482,0.12309052797516397,0.11333044657008848,0.009442438750163606,0.11442645980130169,0.09098075790592172,0.09837782104269431,0.017085836608712504,0.12045903137891278,0.0009506965709327556,0.046050606705030084,0.02287169887388755,0.010427301730524937,0.0014265549805590736,0.12401796611443458,0.10706185499167198,3.2550892652133188,27382.13312222105,5.506336068191784,116.93596168345591
26.655045483865486,0.03720320388674736,0.27117979526519775,0.41629356145858765,0.1236110801473988,0.11970300818704271,0.010440644072331548,0.11665464440801147,0.09649932108525539,0.07267353878044641,0.01561556524437087,0.11965943233756365,0.0009145764258627303,0.041174526823416865,0.03381357953402672,0.004874098703850148,0.0008216466051839959,0.12518002774730147,0.11836430989793723,3.4211237795059177,27016.57071643073,5.3923360764731845,122.07463137985471
17.432722210707656,0.8984885215759277,0.7713001370429993,0.03290872275829315,0.12011235620023741,0.12376213312622568,0.010841855966620179,0.013818358514623366,0.10398678285096567,0.024931718633764307,0.05796030528036873,0.034198601876995645,0.010563821527955226,0.04688337120993123,0.10760417856497,0.08656388934535214,0.012543136246107419,0.121843692684659,0.124385797971224,3.622816776627866,30755.551582704982,4.9250452775892315,113.09801032476693
23.102694656421075,0.1865004301071167,0.4292749762535095,0.437171071767807,0.12144516066122435,0.1055364258187075,0.015107702268364989,0.10785436986159873,0.08081570200391591,0.09181513515594399,0.03070737871972197,0.11772435060860657,0.00251261157071339,0.039642735778216705,0.02946372577619611,0.02395608980741589,0.0065273813810834405,0.12271595533561919,0.10417527525267127,3.2678605675712347,28457.28300278534,5.551016092772642,112.71160862068474
26.521291687584114,0.1322810798883438,0.46913403272628784,0.41457974910736084,0.11964354293469866,0.10641930878342565,0.0108332254618076,0.11362418909658561,0.07153187225335732,0.09773317997946614,0.034782508349162994,0.11758180715126748,0.0015978547368552941,0.03812918011003684,0.03929559642012528,0.022267525159053496,0.0025183668081129474,0.1213724796843427,0.10266936307170203,3.1718429338982075,27849.951357980102,5.592374221571355,112.41092569731487
24.839843532892864,0.3051513135433197,0.264629602432251,0.34813952445983887,0.12711984391024225,0.11079811659604906,0.005929990107970719,0.11912311620779281,0.048772715661217374,0.09324007617276027,0.024162325994531397,0.1322608533170383,0.0020225994559037457,0.0333159424722043,0.013288986585887504,0.017994615441345542,0.00485410938775464,0.13691387941932912,0.13020282926997295,3.8075914530787944,29260.304254070477,5.769399640404611,123.64300400127668
18.59671272532201,0.7893990874290466,0.840865969657898,0.05798999220132828,0.11565010980523822,0.1212249212905084,0.008382900712107155,0.03314810982319663,0.10034065839753534,0.0319549848865714,0.056790092537828386,0.03675824497247854,0.007812483045205492,0.048408491165656264,0.09392670753001538,0.09001134088618075,0.013874453133915027,0.12093593619228214,0.12078056562128087,3.5782733692646924,30932.046996210498,4.937214555173198,112.23621950358135
12.968075322831593,0.9639140367507935,0.9369650483131409,0.010994914919137955,0.12417150313308382,0.12576386294884337,0.005785458793202523,0.0010427842947039567,0.1029270674256095,0.008561385092742263,0.09047597443872774,0.005549436058334673,0.014665123169364703,0.038004585665713866,0.12290535881013756,0.10448512343525279,0.005052977706937146,0.12439533717144774,0.12621402185589836,3.5792727142799654,29789.289361000487,5.144810744656932,109.50354356434813
24.30066912715989,0.09576387703418732,0.6346050500869751,0.269192636013031,0.11432783716972496,0.09948730161725902,0.0034184399627996626,0.11245007375947973,0.07191201844319385,0.1001877203242699,0.047584685465593225,0.11426925778454272,0.000854319791279858,0.02948357538926784,0.04473648475271722,0.035726714262734736,0.00136767603913792,0.11630778558235762,0.10788610965564173,3.1578619978799214,27656.14032168847,5.646034989682191,110.26918846861568
17.53724782754809,0.736293613910675,0.8226001858711243,0.08444344997406006,0.11317502385685453,0.1156852641623042,0.006849877488577602,0.040027889911464415,0.09641836827019029,0.03783730802383295,0.05882117293121533,0.049483402224253965,0.008264586675897046,0.03535021145911877,0.0904092903028367,0.09329817583774416,0.019384113646041035,0.11834613454725879,0.1166491806624102,3.561312003979941,31732.76334928051,4.9763556198630425,111.17637323952826
29.76888148296541,0.025022337213158607,0.1585787832736969,0.5306360125541687,0.13015708425993622,0.12194805197581811,0.00210056892849173,0.12791120087617047,0.07317445156874942,0.11447410829655787,0.009779595135893751,0.12959383323727802,0.0001243307026952402,0.027439432078704497,0.013439623889845771,0.003404975441013772,9.861206994944539e-05,0.1303886238385753,0.11596550770032038,3.4503384105238317,27549.676491792696,5.766810522077082,125.21747629875964
16.577170478209343,0.6693671941757202,0.7132326364517212,0.04210531339049339,0.10797576767998435,0.1104873449934697,0.008849582794806127,0.029524207770495234,0.0973060860163281,0.04138705449607608,0.05844960638569353,0.06418919498901919,0.004355336426421832,0.037261196857721814,0.08881119658098177,0.09633810014289812,0.034671191551866584,0.10962910749356702,0.11076502582067055,3.570914548125458,33312.031632517836,4.783210578154925,109.78876306037219
22.839069202538596,0.13427217304706573,0.2589820325374603,0.2885740101337433,0.13303916544204591,0.09659997463483905,0.006415024413326561,0.124457758864218,0.081411295021534,0.08676032290056307,0.014304772579217986,0.13086724161797472,0.0014792119733060423,0.024789213947077407,0.017924985901094235,0.022682871881149327,0.003039339777300069,0.1343279674976245,0.12190085354872914,3.6297542515311507,28408.650504396897,5.74432838594538,114.89688181882565
24.103548682137426,0.20351557433605194,0.37935930490493774,0.42417654395103455,0.118023504124443,0.10377749582026187,0.010977437985869393,0.10823796696121071,0.07483381630220415,0.09236932657841306,0.028185686116821776,0.12228105866347282,0.003043560277348182,0.03863673847393293,0.023184366178972772,0.029060489285222254,0.007090655059604347,0.125299169867775,0.11499872830444774,3.463439745245579,28893.96416778511,5.507718962692072,115.074593152932
13.537213536650597,0.8988128304481506,0.9065757989883423,0.014843798242509365,0.12047374676116337,0.1240457806542727,0.008167768031996052,0.004775909180492936,0.10008245644526371,0.013071975292251908,0.07212057113253231,0.015394793685047078,0.010934953855082237,0.05751934036222616,0.11687381322157024,0.09916384198752498,0.013024467747168736,0.12036718258490879,0.1239833990584988,3.6032506914680686,30690.937275732835,4.905710693901683,110.17361348053845
22.32155869794699,0.2563641369342804,0.5092640519142151,0.317367285490036,0.11571789896297112,0.1030408752673157,0.013405734398624544,0.10608017399259426,0.07907059957390482,0.08308794000982739,0.0295548610686316,0.11636098177178049,0.0027840085329125775,0.037601065704857765,0.0294629918309756,0.03742586293913558,0.01153453324888542,0.12150901252748254,0.11336346017010057,3.4496980832505595,29410.822588736042,5.3896851685520275,113.6502595309432
19.47653996779062,0.448606014251709,0.3737783432006836,0.24827976524829865,0.10764786998393217,0.11875303760248967,0.026288587546556295,0.04410667197558494,0.07513935567085814,0.04766081773235215,0.03658370559630743,0.0966687146109315,0.01678014538343974,0.06307396767725074,0.05938856668644757,0.053881913967856986,0.03013248298025279,0.1131719156104115,0.11072224697532838,3.5563730379238976,32276.617807186412,4.774428717400687,116.19766970779996
26.118919853092606,0.09050949662923813,0.6248369812965393,0.30234456062316895,0.1150566482119556,0.10638480193036168,0.005937783672716026,0.11178135142997381,0.06579039607069882,0.1003007605311441,0.04078223389045346,0.11452462494033198,0.0006090683026458312,0.03961314031802572,0.045830269382739985,0.02963580406611382,0.0013914633544884316,0.11639074304453476,0.10597091085381596,3.132543641539747,27734.971137726698,5.555643328634732,112.52031209657147
21.238109055390016,0.17299436032772064,0.5948675274848938,0.2989118993282318,0.1091333407305912,0.10125010053540658,0.007597180718756751,0.10399846996876876,0.06856121353179741,0.09211063882443861,0.04402079449168116,0.10957762707188842,0.0020854735887299806,0.05072186546618461,0.047974308626300484,0.04501748667949605,0.0053737681013763545,0.11250214071344479,0.10007559095113887,3.0513209967234403,28576.1438682429,5.345128737164898,107.59368655636828
28.05030325894965,0.07717226445674896,0.46855345368385315,0.40849369764328003,0.12007610275029798,0.10928529542665072,0.006279309957378179,0.11612210425150048,0.07445793021552663,0.1019743073815982,0.030624593582316558,0.11963816717653662,0.0006666710761011631,0.041199997829391516,0.033480592194406605,0.017113246638297188,0.0012171634008846933,0.12134494319726367,0.10651957492184981,3.2071435412799745,27472.651016898675,5.605261567060622,114.97017945937176
17.83089965177543,0.5490168929100037,0.6739591956138611,0.16883501410484314,0.10568463027461708,0.10995404266748432,0.01954766585352161,0.07659212435651605,0.07503038133667408,0.06276602611818725,0.041484079906773094,0.09137776596407524,0.008531121978459366,0.04903072027313232,0.04846166071476863,0.06484975978455887,0.021882724516184202,0.11688604060013033,0.10792125565491754,3.4536602907972482,31554.44524478395,4.996744740209996,111.90691835228188
18.357702449552633,0.38390079140663147,0.6918275356292725,0.16632282733917236,0.10917417150234245,0.10518638901974335,0.006669258907763992,0.09650620370616171,0.0859311234867401,0.057433521101134664,0.04343047362604008,0.10063880909037104,0.00305544260336816,0.03322998922448723,0.04745563710215013,0.06583438732431508,0.018369076040958096,0.11604425190335609,0.11104126536106783,3.4363643062753484,30933.770415627885,5.1596584599125235,112.0035339089475
21.895436124840096,0.11836661398410797,0.6976593136787415,0.2217552810907364,0.11118769634419202,0.09846678855971466,0.0032780479661839554,0.10787701532071295,0.07198789832901695,0.09366774348644916,0.054573059670222406,0.11050039525320524,0.0012362682561515839,0.03163275136611233,0.04742693193206714,0.046390479086985126,0.0019317051003398698,0.1134599095647751,0.10638330976387152,3.1048489420058107,28052.58555844103,5.581657316620121,108.6265646390536
10.108373217735213,0.9769784212112427,0.8718928098678589,0.006934485863894224,0.1371649811470968,0.1435461972342449,0.011290146866844682,0.002774546003269138,0.06637982377333279,0.005560534529507575,0.029403984236515728,0.005657927535184101,0.06234810887501511,0.08698963331169954,0.12716974376703372,0.03486930675202573,0.0027336671020015023,0.14030041576260552,0.1438109831036232,4.015830923555223,28574.163985226958,5.068469079729087,122.36500314790061
20.24839644098489,0.2472967952489853,0.5572062134742737,0.16675929725170135,0.11858945036797489,0.10473814899798756,0.0033497872407328142,0.11664127250310999,0.08045708521088389,0.07604462072359065,0.02973267313616934,0.12016623895919389,0.0009413939342830016,0.0301494880614534,0.024123926517149154,0.04459716558009319,0.00832192850129303,0.12385033497298156,0.11829648529310365,3.5065624827432953,29609.266372595812,5.465696471366108,116.02921774426247
11.76217184174218,0.9663391709327698,0.941093385219574,0.010029134340584278,0.12547635009500438,0.12826405979880698,0.00488569823179497,0.001988905682729337,0.10474947136043554,0.005849498863322434,0.0831673967456499,0.004097339208658948,0.0203629660058815,0.02661119522548358,0.12463967406473217,0.10844756485850382,0.005428095336862148,0.12706143865664907,0.12897034586548525,3.6604383180259505,30220.382967834143,5.147732511977576,111.41440469408657
21.958842883010263,0.19368000328540802,0.40591761469841003,0.26381808519363403,0.11278667881049928,0.10297012945753421,0.01194044656992041,0.09507841255726214,0.08254717292148041,0.09091532105367382,0.04989402672668838,0.10302833803928826,0.0025809041249506308,0.03673177859161579,0.05868817925809065,0.03723649679037537,0.00667887069966674,0.11118490913774319,0.09773833526121072,3.0184296113806894,27934.398876914478,5.439577954243595,107.34709751959036
17.59272481590131,0.6471730470657349,0.6428214311599731,0.10614997148513794,0.10445454844430568,0.11487856711196845,0.01696114349731326,0.04205503006745159,0.0810234212020068,0.05701322715439789,0.04276317230143978,0.06773635831580938,0.01542895530636575,0.06222294829149787,0.06849025355354948,0.08091841920613813,0.024237585419604597,0.11017918671847834,0.11163718340967299,3.4447553776685833,31699.70314955013,4.760846040699313,111.09303189440556
24.474147723769832,0.04762813448905945,0.29085004329681396,0.5120155811309814,0.12427796035803407,0.10569656190725035,0.003984020945896425,0.12104870586964941,0.065765522605327,0.11293182547286501,0.02844589092150763,0.12324733818032599,0.0007838284024559968,0.03393734528195798,0.034684933358618754,0.01427734978613098,0.0004872314934220166,0.12487699421278574,0.10555449120377267,3.232862036739726,27421.104193684492,5.750114778042452,114.12538388274851
27.847517472142485,0.04245147854089737,0.26516595482826233,0.5427687168121338,0.12703633369169912,0.10475554365170439,0.0038109715476334544,0.12398916033499907,0.07379768872903131,0.11700710846996489,0.026171918386001657,0.12595744663606656,0.0004478994325961822,0.021006257940866052,0.02986411985657543,0.009911183728457446,0.0003579490995636109,0.1273237446816845,0.10856267381315633,3.307421146321661,27073.002949724658,5.86022659826874,115.3615944859562
21.09721224110237,0.2026880979537964,0.5408589243888855,0.3238854706287384,0.11554176812475471,0.10392205037946317,0.015279726038556504,0.10588537467869172,0.07311757767324052,0.09146793134364631,0.04661847150678721,0.10910538413777034,0.0027103543483080134,0.03262882833310039,0.05342688217994625,0.02949437642147726,0.004038998233211131,0.11628725559104335,0.10047502101000312,3.0912178476796064,27787.019532051712,5.550870486862315,109.48189828167266
10.233577057888679,0.9847970604896545,0.9638349413871765,0.004177105613052845,0.12511106559406493,0.12745733022078898,0.0037261121979431785,0.0007828619578690608,0.10762128927320652,0.00404600535374153,0.07950926339403015,0.0015235096119563694,0.03578484172189011,0.022948121800119004,0.12533287418752348,0.10958631583654728,0.002746571958328795,0.12580565315557243,0.12801818373641816,3.5919857239044712,29536.857512960803,5.176952647678879,109.76891241266037
23.33117116749387,0.14170044660568237,0.5636241436004639,0.29862773418426514,0.11529280362357404,0.1127751439564415,0.013550921640808082,0.11103086657827926,0.08010592950921493,0.08547519385387607,0.030825163385750254,0.11684604248247252,0.001017800132995496,0.045708525291054826,0.03273388822687387,0.021078909082082715,0.003752276798028332,0.1197534160784656,0.11005311936008251,3.26982337131207,27913.77768685179,5.411064786342003,116.52143190149177
19.73383039097115,0.3594590723514557,0.565299928188324,0.21254169940948486,0.10968463329753868,0.10043180626772175,0.007308015038615839,0.10502387312089327,0.08583179493532345,0.06835011868389869,0.034616693045987766,0.10835391016261336,0.0040352491007279384,0.03410683148938095,0.03427485194029611,0.057448637344742745,0.019882206078046718,0.11853586803066346,0.11211551146354927,3.5074701980116325,30721.666748011445,5.19995932361142,111.44067805145528
25.185592412148484,0.07951938360929489,0.3845302164554596,0.4086708426475525,0.11969027111823576,0.11095514947700416,0.009656261616692589,0.11068422892320474,0.08180684305987798,0.08424578130685487,0.03009088387138535,0.11816695773073203,0.0013707062241411594,0.0482152487196286,0.04025362324257094,0.013292057103358174,0.0023337537640160558,0.12217122370414375,0.10706701013815383,3.242007826488391,27461.24396864236,5.467599568323048,115.1536860650551
24.74181162121332,0.12973761558532715,0.28050342202186584,0.38781020045280457,0.12749039003309323,0.10925150706501674,0.0031800955744667844,0.12084748840500414,0.06171384814107622,0.1050914867396846,0.01861702051440262,0.12935965343058564,0.0008435401080267951,0.03649535418277613,0.012144714537121955,0.02031001315399726,0.0019564201204676016,0.1305022689749117,0.12219619901936857,3.5651684336064706,28615.05299874408,5.7452116755771,120.6687449791217
15.043703310302307,0.757276177406311,0.7981231212615967,0.027810458093881607,0.11527598661717867,0.11807581136474306,0.007301385303713928,0.023370237272243598,0.0948825787766616,0.016995042198415536,0.07420116231721449,0.05560512757019917,0.006157708483620326,0.02780086669651894,0.10529537741707852,0.09810330355621648,0.027094782236345833,0.11020644655093752,0.11963418363891232,3.5970957739667395,32692.40603080552,4.969664610551905,113.56512474291956
19.42267958370776,0.12563103437423706,0.31705737113952637,0.40893056988716125,0.11839176695027366,0.10610605939407854,0.014027520421886168,0.10211141242866995,0.0748214897516475,0.08735158889505265,0.03485814378355203,0.10799823552973054,0.004983967311704119,0.0492193742705274,0.05050123433156488,0.025320501147070438,0.005590203936607809,0.11971556142871792,0.0990029404189164,3.14032188097939,28151.921001970204,5.42613838015548,109.77049042676727
21.045440332886486,0.23243503272533417,0.6058537364006042,0.28226763010025024,0.10683996801506958,0.10326613232514324,0.015841080687598607,0.09587953286848343,0.07968109121723846,0.08247828371982793,0.043770690244154115,0.10655336004636663,0.003092511354532841,0.04931893252098344,0.047238788557479414,0.043639714867882186,0.010236406772122503,0.1105637432279132,0.10159976357520446,3.113598790053362,28800.08586673782,5.231703430443098,108.52682006861806
28.973455180464867,0.0605609230697155,0.3017257750034332,0.41783711314201355,0.12656489686028335,0.11365549365176535,0.0022131189792693427,0.12369827503030846,0.058310296507746405,0.11699888937820245,0.020649240421681637,0.12641520797423264,0.0002480320048216157,0.038380750083794844,0.018440559285432277,0.014099162415559226,0.0005165764382259797,0.12715067886190404,0.11265882210677239,3.3645650836966343,28021.540517472586,5.771411461882985,120.05586154518015
11.63814688443569,0.921297550201416,0.8049285411834717,0.02039308287203312,0.12011471562990611,0.13252320393002937,0.015821932980051526,0.008062162756832292,0.06868051599996214,0.013057721141546314,0.07643542939145909,0.02921797363591837,0.03648979320565851,0.05499393335648427,0.11524963253820993,0.05868535992606551,0.00920501032734876,0.1259450279558072,0.13551758722472065,3.7893467571102724,29586.289981349175,5.200497632165186,118.99109299367795
27.742421543483427,0.09454730153083801,0.3521536886692047,0.337012380361557,0.1281114467379056,0.11114014850971878,0.004124363755765087,0.12549289477315007,0.07543739929168647,0.10728672140639428,0.019042597277691576,0.1287122905612066,0.00025834818390364154,0.018812121915693553,0.015058658000521283,0.014532417312962734,0.0009544639764522985,0.12970244859848676,0.12133367969846132,3.5278682918276054,27769.231664921594,5.818738707749546,121.65894043348261
10.717986674635203,0.9823430180549622,0.9453732967376709,0.008256915025413036,0.126973866680349,0.12872298515745775,0.006196644831072385,0.0002991416775011819,0.0857036316247049,0.004253447730883446,0.09116580904957307,0.0017513644509837862,0.04235621362034514,0.043341532204543926,0.1276363586503907,0.08253181794675996,0.002331748883111802,0.12701035320735496,0.12972508428496798,3.6269406092560863,28645.592042285847,5.353366241863105,111.05932248814486
19.985086419465805,0.20719261467456818,0.4640251100063324,0.3797193467617035,0.11179516681523503,0.1086956772184194,0.010940725681666088,0.10562324886925493,0.0800521242864362,0.08313671582236842,0.029031752095118768,0.11552246851160404,0.003474181863554358,0.04423818109252166,0.033566422171339545,0.03299245981683982,0.007259221147838337,0.12102711403150485,0.11264454057629857,3.3730322605789844,28784.642189854974,5.289056292780832,115.17314769268135
29.970046588867355,0.02860911190509796,0.2659872770309448,0.5148853063583374,0.1263679519898879,0.10952235400776528,0.0027674401036919616,0.1243387344805081,0.06877127072882902,0.11889129988408917,0.024855966955604922,0.12575269722065666,0.00028112593305218626,0.023450920978592252,0.031976693958494486,0.008858553185143624,0.0001790032385568859,0.12658052762304767,0.10740545971207992,3.2783098680315828,27155.862098358048,5.823501077714017,117.0135786515346
11.652901154857304,0.9684315919876099,0.8666406869888306,0.011679815128445625,0.12332433892252875,0.12408753216439738,0.0034841368246343964,0.0011131786620293307,0.09778079499724186,0.0034765054697210905,0.10267978260864129,0.00670022926048834,0.03152376361879269,0.016536531432594988,0.1242009580080786,0.10831107733807575,0.007022484363369936,0.1233950180072799,0.12636366832212573,3.5949363896988578,29967.113178400366,5.332746054744389,109.45319452621304
16.315746678351495,0.5775203704833984,0.6833234429359436,0.1882738620042801,0.09702829264029887,0.10758427661629104,0.02084958348952033,0.06023941833873294,0.08762716495131619,0.05501626415067103,0.04887326769089445,0.06214990857082655,0.02400192969907464,0.05134911593617153,0.0704283239178361,0.07862990389466497,0.024167372674777594,0.10524497553368792,0.10681020189523585,3.307115701451819,30527.083368835752,4.801159347551988,106.21068910611807
19.81474661246771,0.28722089529037476,0.4943180978298187,0.2188098132610321,0.11630848176799499,0.11584890839779277,0.02142109437618742,0.08370742398393896,0.06961427383414308,0.06574483387940976,0.03150689762849648,0.10993610714493718,0.004263494803352444,0.04903485671832332,0.052513741566887207,0.03542910134181487,0.005993946072830118,0.12345559626457267,0.11522124221931873,3.4253909837941015,29529.47755866825,5.204525870724515,117.44397854297809
14.799875835002245,0.9487605690956116,0.9118976593017578,0.02408064715564251,0.12015203911651459,0.12202829393629466,0.009678676353294524,0.0028773988472868585,0.08148576372117038,0.010601624555648772,0.09997440462573699,0.014741830626064661,0.027656377190089176,0.03628385798241335,0.11982333684613607,0.10143835277744499,0.014825841517472297,0.11703346440373447,0.12139873750069821,3.5456126079066697,30564.068811302488,5.20717104052284,108.78125647164116
12.720514135873195,0.982173502445221,0.9497307538986206,0.005392656195908785,0.12682861488893538,0.12947794168947652,0.005499981462499834,0.0013200914499123982,0.09869931056140681,0.008635691468883565,0.07281802039271443,0.00508108175734321,0.015366844259531035,0.044445081148166865,0.12595016975598394,0.1042256261465306,0.004247936415120278,0.12740778261618957,0.12999582598730558,3.663121630260616,30184.645017458624,5.03627290594029,112.03141706265647
25.467195489939293,0.10850907862186432,0.42349645495414734,0.3642585873603821,0.11616334881095923,0.10925545448524925,0.01676039251851027,0.10620553724005634,0.08539904546875304,0.08999489028812284,0.029140781274777608,0.11539729897421139,0.0013544654691316639,0.048923083771968086,0.03506044391482501,0.0205928135766396,0.004303250532370149,0.11816961282225615,0.10327958085216937,3.1605342188951395,27782.861356055306,5.3873353494745775,112.96491810119079
29.770158404794177,0.07484253495931625,0.0605512373149395,0.30605751276016235,0.13948964149558715,0.1321103576487066,0.0002712111552334746,0.13629221954472698,0.026239586057070132,0.11959094926521295,0.0031857236033821933,0.13953133189407718,6.207642207276216e-05,0.023276183127110592,0.0015626566487158436,0.0018923743328545304,9.201263877576563e-05,0.13976891884326584,0.13663475732320798,3.870939643273495,28970.526505660724,6.0232170078438045,136.69079729718175
11.051104190180359,0.9675254225730896,0.9077082276344299,0.009925269521772861,0.12670106471879317,0.13117914205580816,0.0188180277779466,0.0027164913623412925,0.05340873891187359,0.009423015911033998,0.08404103976456972,0.01495135955175494,0.0313326964854532,0.06935363715681735,0.11925316314797159,0.07595898605125694,0.006847495319502046,0.12694563113051588,0.12906951065436154,3.680076919461312,29966.134662536722,5.2070955863612856,114.14724463568544
11.63805771411199,0.9292385578155518,0.8712000846862793,0.01604504883289337,0.12316004043854135,0.12541844480992137,0.007473413401063337,0.007282688569201345,0.1000435891243879,0.01852607915862941,0.07699225814948803,0.02428763138220451,0.006591195339042306,0.03286638493193663,0.11250155307596645,0.1038425542301364,0.010210540895430322,0.1247765204387685,0.1260271060552821,3.654198343452734,31218.338950852965,5.062945729252804,112.89396739104454
21.374963807138663,0.1241447776556015,0.25367066264152527,0.3714399039745331,0.12212673858595988,0.11433910311753985,0.009172681471792166,0.10759684658745647,0.06973920094792352,0.0920575261440288,0.018240081505947203,0.11841988674730995,0.002900804589746889,0.05183949769010319,0.029317333873666918,0.024671479530505785,0.003149657995390911,0.12499011222675199,0.11143904898587648,3.354103468912271,28746.68269179487,5.420452844396387,117.85930725488689
24.124166395406945,0.09461772441864014,0.3380630314350128,0.4970783293247223,0.12454437093138854,0.10467306002047544,0.0049188416106230185,0.1191223370251983,0.0646185690219039,0.10783420463061875,0.028349428828460647,0.12341794443813442,0.0012959089129626503,0.037329850048413424,0.028680343681521153,0.021029675131981746,0.0015040382470759355,0.12591926653308375,0.10676216093815834,3.278596520056453,28075.712900113263,5.723565970344658,113.92440820701502
25.533206329190335,0.292011559009552,0.15788207948207855,0.1472790241241455,0.14703384089873575,0.14416064404562087,0.0034406306589138715,0.1080793308496477,0.01921656684525293,0.0605104076907451,0.005312438493076882,0.14157200916685247,0.001186602781652877,0.06590532358404025,0.004405337088399952,0.005672831901068198,0.0022813447380507336,0.15000228125049792,0.1412204100074445,4.109056503943904,31488.89168302057,5.701737750414565,141.62763349702072
25.422448660414513,0.14179657399654388,0.1078815683722496,0.19783999025821686,0.14251908780237627,0.1422813719926957,0.004191328187202447,0.10048781152311077,0.04062093721411778,0.05550731160860971,0.0041173246057163325,0.14071046776444626,0.0006084371326304336,0.07836703046605624,0.004777969975782797,0.0026283099939740937,0.0008105535921697463,0.14466102872085235,0.13771102942025906,3.964556564265936,30691.57900339378,5.511158369794538,139.0426612849311
14.493742513016294,0.7371599674224854,0.7788727283477783,0.04629862681031227,0.10506287554797758,0.11207678968092506,0.012315473552741138,0.029107883732025323,0.09802071594448704,0.03959185611375647,0.05665455347821067,0.051017364456559425,0.007887247849508758,0.04205094306802411,0.09405224471287897,0.09752802261730853,0.034502144674911216,0.10782270759236641,0.11230917697831928,3.564876409438356,32834.100999375856,4.700393936268348,109.04997555895574
29.545036990252086,0.07736004889011383,0.16600202023983002,0.5047396421432495,0.13150620190305365,0.11404406416958268,0.0029056111849931803,0.12464262667080642,0.07196591004948683,0.11390062616539529,0.012762151212530229,0.13138891963689786,0.00035617662764304776,0.024886991254140206,0.00870261107627744,0.008416747891997608,0.0006805247521830313,0.1322971523688021,0.12154368503621044,3.563299070200738,27837.95620376615,5.850488663015627,123.5225494321655
27.324100764215057,0.032927993685007095,0.3163377046585083,0.42950987815856934,0.12237261939984376,0.11295308088249671,0.0024980936400559287,0.11998097576739579,0.07283301802867893,0.11044749606576383,0.02464358817938568,0.12185439513648466,0.00032960496071055505,0.04126078647129942,0.03087601999576214,0.009281857143552816,0.00026970162591510605,0.12279187429776887,0.1076068884048858,3.229358500599978,27126.3168307461,5.6524408498387,117.40848068183392
27.393057957048324,0.04832667112350464,0.36868128180503845,0.3732650876045227,0.12590379040181265,0.11284945410621111,0.0022817202660316846,0.12432408939102835,0.06278509144909386,0.11603827898564632,0.020945219561239153,0.12612802458309613,0.0001264685503597922,0.030503038308765287,0.019614061688577572,0.014641309047200953,0.00039880098463993316,0.12657120166209088,0.11688945101420631,3.4140323512531188,27788.662063552314,5.7882591060085495,120.82062629622475
29.560400742928152,0.12212537229061127,0.2994612753391266,0.2994111180305481,0.13030396158392435,0.11193719814103721,0.006262514717940164,0.1235869486419778,0.0811848120628633,0.10237336829254001,0.011523450406355626,0.12862022156216674,0.0006759178201681385,0.02526687449130043,0.017451039754410893,0.016255344521216457,0.0009992878785659162,0.1310378900973182,0.11252117002821475,3.423816872057384,28135.663756116912,5.694968558467859,119.40166155158371
12.185563010438901,0.9755699038505554,0.9510718584060669,0.007337979972362518,0.1251941569351199,0.12754383839780256,0.0031321565918072136,0.0013022693198348782,0.10755654029593055,0.0048919626819786104,0.08648068118374712,0.003696345349740567,0.02176272223468274,0.023002568997004955,0.12443960915658352,0.11193705288640304,0.004283776261179173,0.1266267707482831,0.12814954895990208,3.626841343571101,30084.248631240906,5.173447706054288,110.59309460142285
23.89403252025538,0.14576195180416107,0.28287598490715027,0.4440174698829651,0.1250124512098306,0.10597879166680682,0.010827216072994906,0.11031346445251095,0.08654615767598277,0.10048511248543322,0.022735883055096273,0.12155606061164224,0.00212947711746927,0.03858929483110437,0.02127296912039954,0.01792583187547685,0.004200053131675901,0.12594229343025304,0.10648494326332329,3.312782057553531,28078.59943988445,5.617446184182375,114.2176798736866
18.72293725011386,0.31843647360801697,0.35371261835098267,0.30413976311683655,0.11098116421458216,0.10603563788028382,0.014792116639245798,0.09494933499194286,0.07545976150404203,0.07368567990379334,0.024828734580580346,0.11688523655371749,0.007629939120244383,0.04675448249618991,0.029157567234282537,0.043469988931562765,0.0188765379070477,0.12291267008080116,0.11358114796168371,3.5751849832934566,30775.891498575802,5.129413846928692,114.69784486164384
22.17527462801833,0.27969175577163696,0.4120233356952667,0.3354676365852356,0.11956628290977818,0.10233367504997404,0.010470145642977189,0.10716121672803361,0.07280783763749943,0.08379573183629989,0.02747914557888039,0.12268980600535023,0.003913921216526336,0.03925721166661483,0.022466655323666207,0.035409687597773125,0.010589290931500486,0.1265416011787133,0.11551779069641274,3.5370815592927713,29728.651801721404,5.4736494195709735,114.65750050263371
11.681726904784915,0.9838363528251648,0.9398852586746216,0.007443512789905071,0.12972220499487574,0.13059119234472458,0.006006929660696713,0.00030544284315036263,0.08400084291917305,0.0033795909605003538,0.10165071508522386,0.0026364071838062817,0.034704590568179795,0.03304212772095811,0.12981258979883822,0.08317415666325104,0.0016793515629003654,0.1279341902381165,0.13135966745560504,3.6536249295927066,28818.323276752984,5.464456479923978,112.65205835535387
25.11567216800149,0.14911653101444244,0.3059842586517334,0.3433763086795807,0.12825317534824768,0.1071876857274605,0.003955576961502182,0.12440192402124749,0.05681105635709202,0.10204618382976205,0.0205165742325724,0.13010586925684464,0.0007449910130493493,0.032137971895107836,0.014224895728427396,0.02088275905578035,0.0021272715627175458,0.1317078821359154,0.12489618287427318,3.6222387120206854,28655.567157420774,5.795470634705156,120.53530830682028
20.237778505673685,0.2699054777622223,0.47215747833251953,0.24599197506904602,0.11575503633201306,0.10389771675019978,0.00876295209199298,0.09808341566779816,0.07255928938968217,0.08302116805214846,0.06043283873349762,0.10424951180628605,0.0035496254282545306,0.02241908883551518,0.0713350984626994,0.03243666692801562,0.004689865877333944,0.11515799385598359,0.10364973178857945,3.1289662813065577,27693.065937283507,5.621141205457072,109.81163925501367
20.266108548213317,0.19654549658298492,0.5177274346351624,0.2782546877861023,0.11224672376243705,0.1043727791639253,0.01610789556126432,0.09666363476434743,0.0815317839104517,0.08496926828732929,0.0485103075534132,0.10390726458219901,0.0026292533106991186,0.041592939792907666,0.05510646935027339,0.034313459251636716,0.007674926409230708,0.11150223912401896,0.09887105517586614,3.052675089927621,28036.293613178317,5.401807339661581,108.3077064165888
23.247271637005095,0.1752612441778183,0.4811590015888214,0.33796823024749756,0.11117453574291049,0.10503977461278467,0.0074288918945119515,0.10359611282040088,0.0791171658016084,0.09000102162413377,0.029976124838477527,0.11298603108606727,0.002428703997542583,0.05038693571358976,0.03421881300879852,0.04347500941174386,0.008622676774768122,0.11564109202851873,0.10590711064414347,3.222392312264025,29126.937223715635,5.260152960457486,111.49252222561822
15.51026337092612,0.625730037689209,0.5867635607719421,0.1466921865940094,0.11064102856266773,0.1066959038502702,0.017121270993635848,0.06610008984739695,0.07724196090204495,0.05297516481459718,0.04488598324325049,0.08659288568847605,0.010316223624762892,0.03529761724768401,0.06568412108704216,0.07931930204873737,0.0285112629401587,0.11065438811161442,0.10796279703766107,3.459798273252079,32447.916688434656,5.007818395667169,110.25111423668315
15.32764295320671,0.5929040312767029,0.5878418684005737,0.1680605560541153,0.10550917741624517,0.11088065084606334,0.030785267448214856,0.07003546198705701,0.06758116489766587,0.05757763120077709,0.03612811018554907,0.08575294060708268,0.017289418992232644,0.0497953021787766,0.05399416910040002,0.06428656265705927,0.017462332111694717,0.11652697135947589,0.11639483901170579,3.5053779947602695,31032.237800513474,4.953625477108227,112.95345209490739
23.136889890077303,0.16471630334854126,0.4088818430900574,0.37522947788238525,0.11242498513703066,0.11050004898731143,0.019091627001416454,0.09999718907989248,0.09011722750260653,0.06708674584700162,0.030105390834049815,0.10983278691995468,0.004364740978786941,0.045932718466433244,0.04826198580459721,0.02373385480010514,0.00929676813656172,0.11913521157865832,0.11011871892559374,3.339709780971393,28264.342900968302,5.188726542672437,114.39589611825573
28.11396984858386,0.055980101227760315,0.2223999798297882,0.4509366452693939,0.12198662675238853,0.11073730371577059,0.007970978938495523,0.11059918361527339,0.09417858175724668,0.0993517268671315,0.018678228159953122,0.12083475055430909,0.000997569802525491,0.04888665946048872,0.01881999969442523,0.01115595328805762,0.002248303619299316,0.12281871847724354,0.11073541529739166,3.3012341235150826,27334.966291801236,5.509349681698823,116.84180895238978
19.171856082217147,0.5415056347846985,0.6835331916809082,0.1509326994419098,0.10172572232798531,0.10764605552303703,0.010449356206705646,0.06672984556402559,0.0963471237321308,0.04768672471923044,0.04691079661160921,0.07093920698092905,0.009860500173682106,0.035518835684271145,0.06713257078339821,0.08457694575578627,0.03486782281229769,0.11114879890060722,0.10845969422430429,3.562668423120929,32609.57823401248,4.81240190644965,109.65031961439932
28.886996255963716,0.01615838147699833,0.22113896906375885,0.5104063749313354,0.12658173355303406,0.11335281222190942,0.0012055431144462195,0.12546077586795193,0.06527963721204551,0.12158208239026465,0.020948444727899834,0.12624122395568935,0.0001424473023366881,0.02573798004424279,0.030196457020999618,0.006844571227388765,6.20705403189401e-05,0.12667362560609557,0.10969059521537666,3.3099680790650763,27185.122091032456,5.805893153377322,119.35164943754407
27.030551165843477,0.04316844046115875,0.3949875831604004,0.3989793360233307,0.1199171108397734,0.10428522222088514,0.002955271177947975,0.11832243853871931,0.06176713762445107,0.11336341064746869,0.03463420101566562,0.11960039383690056,0.0003768838226080456,0.035858034834035685,0.04247200732754278,0.01879086174399271,0.00033441610819096414,0.12043278823224955,0.10688982202956852,3.1871983691801264,27264.89471732497,5.705083388229367,113.10882932666199
28.735233995528223,0.12115614861249924,0.3948753774166107,0.3922543227672577,0.1250917915848558,0.11002855529189944,0.00480718308678107,0.1192032060040771,0.06804895367355199,0.10537033643069765,0.0227598118749807,0.12611982737266342,0.0005064117067792381,0.03513279995702029,0.016568721826834935,0.01970120149889467,0.0021101812775719798,0.127191797485425,0.11735922092796672,3.453256795673492,28277.965993706566,5.716660801055442,119.42433159658032
27.56921494869736,0.058422740548849106,0.5199112892150879,0.37065568566322327,0.11886700815937833,0.10751532713205278,0.004517057542187514,0.1167068743765574,0.0663763833625639,0.10798957265240543,0.03377810945869233,0.1188219127950741,0.0003844123263096309,0.03885738810644005,0.03998319437719558,0.01976572322446815,0.0006533847329321749,0.11981479078353871,0.10596886097020392,3.170118510813447,27413.912319129955,5.634265879519754,113.95203156439015
23.56761231562298,0.08516847342252731,0.44208699464797974,0.29970917105674744,0.11372375211836358,0.10393498019505878,0.005068662036021699,0.10820079715613182,0.0784960943008756,0.10067210462980407,0.037128745107341966,0.11308931523358172,0.0009719947468000078,0.04865085959543787,0.04332283111296308,0.029030601562880443,0.002084393189121391,0.11475194927506291,0.10087291974055507,3.047929670866351,27516.398788189203,5.453020386939499,109.70131605749467
22.900412553790733,0.15217900276184082,0.3578581213951111,0.4384921193122864,0.11518226182490715,0.10540489240323775,0.010604365840527773,0.10427127149405332,0.08048842641411838,0.08687426842790537,0.03265711971665754,0.11170802954476274,0.0035227755817174213,0.050436409173346644,0.04320810145228992,0.030115281345890674,0.00703818490003341,0.11874660086138028,0.09974201101917164,3.1573751549281948,28445.18664073107,5.344658232703128,110.03177984541085
19.345102638977632,0.5694547891616821,0.7570393681526184,0.14463618397712708,0.10426135854972195,0.10617848172613616,0.0180990868416839,0.07957553263682428,0.08807919508483257,0.05103892649431382,0.04789800315200947,0.09228038352083238,0.011506988008195464,0.024562311254431757,0.06272287097667906,0.07540624615110779,0.013410744773355597,0.10996003963613857,0.11501983119373725,3.33746861844524,30322.52892072512,5.055592464964239,111.04363531922277
14.969925650803875,0.5835193991661072,0.7663373947143555,0.11599435657262802,0.10904829419408815,0.10900031428376142,0.01090847325331045,0.043058963275887124,0.09643018467215377,0.04160392433183893,0.060139694913240775,0.06615846733543239,0.008813908292062814,0.030903677467561196,0.08468303154860378,0.09090430191561459,0.023015272818236256,0.11349341870873449,0.11183807298947387,3.4768547032302246,31936.003746499,4.957681376751722,109.06983829206052
23.0701006447255,0.36613020300865173,0.3508249521255493,0.25238242745399475,0.11707038319197462,0.10510100404077238,0.01715854429117292,0.09080097280151,0.07884693056917878,0.0761978478198928,0.02540280084526137,0.11304111027648202,0.004585776937470963,0.033358608463348545,0.04295216782182708,0.05012473968291834,0.013693944994415657,0.11948847707000697,0.11217669119376755,3.4350275856146624,30373.507053608562,5.241140222841936,113.34470910324148
18.363621419113088,0.3096909821033478,0.5805801749229431,0.25611141324043274,0.10330008253267581,0.1013137432650631,0.013338707804860413,0.08128430187492923,0.08680650279499097,0.07306114811871388,0.04587844717807718,0.09474242040366361,0.005732729947805638,0.047638613944830474,0.05297216184089855,0.06437274331455345,0.02164868026161681,0.10751739023645097,0.10039232648086993,3.213817557705128,30499.94313801065,5.031438351023004,106.47586594297398
27.496853830217184,0.0745910108089447,0.5892435908317566,0.3374041020870209,0.1190583333352451,0.10771077500110307,0.0042204276281505694,0.11756051884313061,0.06899688945327134,0.10538115227399367,0.0317530909755722,0.1198863118755925,0.00029603500746888824,0.0367695113504622,0.03265006171742274,0.02488568036997194,0.0011083057876907969,0.1207120185631829,0.1090108878177415,3.231636970360612,27808.481386082658,5.626296581901944,115.00664170633381
10.839585971969623,0.9859118461608887,0.9411600232124329,0.005826457869261503,0.12807262727180677,0.1303523116562076,0.0035880368020038,0.0008700332619163615,0.09787548696931216,0.005730436541697346,0.07104604890583455,0.0016173112896132515,0.02407599790981338,0.043158424726387874,0.12759027581742988,0.1037275201018083,0.0027355284036410183,0.12892068534559353,0.13063927499693423,3.672136842446363,29943.469965118187,5.075336071917412,111.93489489378683
16.817940398356985,0.6227824091911316,0.49017494916915894,0.20433259010314941,0.11836729525729126,0.10944103203854141,0.022654714238580436,0.0935412796426796,0.060613376544088424,0.056731899524569404,0.04662035968793345,0.09278313636890187,0.013306085752620739,0.045242383347935226,0.03773479760318827,0.043562475363481054,0.02354494149610914,0.12371564267009115,0.11214058046398857,3.6316163048226437,31235.849458954493,5.425983401264157,114.65407587127008
13.606451776731461,0.9061002731323242,0.8922544121742249,0.03155408427119255,0.11999124184758973,0.12243837476257848,0.00808048111463067,0.00442576979762807,0.10783286864699265,0.013727416772077375,0.07870645640135839,0.010297832230783266,0.024424612132355483,0.02625378697914228,0.11557689316044939,0.10493074282733014,0.0172029378087083,0.12232355085876298,0.1237870346596128,3.686389326579177,31059.46735481223,5.0659170182876085,109.79401490357768
26.79457896896921,0.07614396512508392,0.19178645312786102,0.48591986298561096,0.13123110093634244,0.11272965000064483,0.002264893174295189,0.1264353215207209,0.05836272166089369,0.11650883503054314,0.015701387096613933,0.1316266094379495,0.00034431850252079877,0.02763387480034135,0.009782840887887797,0.010863936146048437,0.0006071118958357307,0.1323245484333094,0.12358285047605287,3.5912031512727722,28093.950463989808,5.897440141025493,123.47582165269945
11.56763130686613,0.9727990627288818,0.9476639628410339,0.007936679758131504,0.12557769758437498,0.12846228728120232,0.003641318559711989,0.0019012239257103106,0.1069058336442958,0.005602608320086677,0.08266663129806298,0.004212209147294706,0.019226982681862733,0.024243945250098927,0.12471886684863019,0.11130482964766564,0.005007486420185993,0.12748808130354972,0.12903999808726704,3.6614979213540386,30321.078634190206,5.139012028246941,111.48566088623662
18.205207098445207,0.559249222278595,0.7325432896614075,0.15013174712657928,0.10238226937829784,0.10775260552490701,0.00681014442289095,0.05231102038314129,0.09688711941419142,0.05297541435966174,0.05549533324728676,0.06462171184914402,0.012372739317520224,0.03989662697433693,0.07973655052594276,0.08784016841482757,0.02071448292634661,0.11179541041878421,0.10840840284272066,3.3728561466299207,31130.022902074754,4.879918887940644,107.14238963252966
22.902743050432143,0.29148346185684204,0.41651320457458496,0.21984077990055084,0.11682871679965096,0.10248991337681204,0.00451793228998852,0.11439923998481044,0.08682359886511398,0.0813697285890489,0.0221606581034939,0.11921395837947125,0.0024995715287296286,0.027084918809073863,0.023242895495229773,0.04646965774598599,0.009581844648530922,0.12395551706943518,0.11936184831462465,3.5405889404562707,29611.571366936732,5.375494093660009,115.15704811379244
23.423178290172267,0.2336621731519699,0.5796464681625366,0.18668557703495026,0.12357327275712016,0.10779139465274713,0.006346148252258913,0.11916519403586048,0.07423226752349808,0.08733115420819373,0.025427013690239024,0.12486329753041486,0.0006032305617635575,0.029678017312045557,0.01897310485856702,0.03132845722014871,0.004242323447701863,0.1272224152731319,0.11922270867630899,3.5096242635599983,28968.90007339225,5.6206378807857496,118.40470928535473
18.026286559867195,0.1828038990497589,0.40613240003585815,0.41950204968452454,0.11487158074325464,0.0940882878261954,0.012800527393888966,0.10594333755520223,0.07082501073172463,0.09592914679666664,0.0469297226850463,0.10977532313478297,0.0049578726690366354,0.040722376423068245,0.050951588473816076,0.03304934361146973,0.004952896978571906,0.11633786044520338,0.09786512453207227,3.0681823473818657,27869.973869112022,5.558097771749539,104.66467193774614
17.36348380832143,0.6541151404380798,0.6998789310455322,0.06484289467334747,0.11589921511066742,0.11235105546355963,0.010052581549446521,0.03667431228198308,0.08301270064542668,0.03386786671226997,0.0780812767587037,0.07806123255446987,0.004464630561041461,0.0245711249434422,0.09515667594087358,0.08134281427881689,0.02274006404428413,0.10910967635967021,0.11461477279534465,3.4505031847901866,31830.81454412129,5.187403022108262,112.61118942063787
14.429749756839803,0.8787384033203125,0.8237594366073608,0.039021022617816925,0.11938731521405682,0.12017896265329027,0.00563038612213316,0.006411217030181036,0.10563182959224933,0.010472256661840143,0.08910688958921444,0.019812848685152585,0.020900124510251146,0.019292982686606477,0.11265018267701138,0.10880158362686826,0.017257396182290823,0.12234234299526628,0.12212368177358787,3.6641278933160297,31539.737455367187,5.141493345465322,109.82919571816416
29.90452953185248,0.03509453684091568,0.22387312352657318,0.4559903144836426,0.1301455068852592,0.12333373071015492,0.0022185133189590927,0.12789817503663775,0.06186666798704243,0.10429570458066012,0.012992482885748629,0.12861867307701214,0.000277945440937105,0.03799466488631902,0.021321319025525018,0.003957032459643234,0.00016593587097030036,0.13058745087044538,0.11432619696468567,3.4311141718854197,27872.569123542387,5.7109843315591275,124.86005339552857
14.319059024974006,0.8613398671150208,0.8253747224807739,0.021637897938489914,0.11471277558833236,0.11707088640374229,0.005630794274668456,0.012021908164010768,0.10099115612467616,0.025761673414049082,0.0769619939818077,0.039005792962582504,0.004911036276165147,0.034390587490932004,0.10529506690174358,0.1048568169076251,0.023294821863509566,0.1174309902714026,0.1176636993747527,3.617453161135308,32447.600533870936,4.928754310131736,110.22623755608149
21.982794552314317,0.21224239468574524,0.6490649580955505,0.2905210256576538,0.10693142748835127,0.09886679975962943,0.008749460004540128,0.10625565181924997,0.06843022522847103,0.0857869956247026,0.042122023738768104,0.11059661359169698,0.00246400691485235,0.04755587676199298,0.04507534303587436,0.053026764481496846,0.0071636267475246205,0.11388954480016644,0.10308564000268289,3.1379433617052355,29199.81955098091,5.275473829575695,107.39244114810046
11.032723160866755,0.9832716584205627,0.9402885437011719,0.0057717435993254185,0.12386005429436839,0.12797738917785112,0.004102453623855731,0.0011023518633482565,0.10590730268033226,0.004942803287343106,0.07961804295697379,0.0023593552624756554,0.0361943146727928,0.02990558915176759,0.12512198896037832,0.10305378878582591,0.0031267234753543888,0.12400904301160942,0.12871879879572326,3.58196391395762,29208.952129817797,5.164859543101818,110.22907139498956
11.953239686073413,0.9729300141334534,0.9489305019378662,0.009088669903576374,0.1240681295876435,0.1261532964476431,0.006363267717488934,0.0007995212366599926,0.10270015692098292,0.006334237082865777,0.08512883297248221,0.003207881808342894,0.02604564178579349,0.04035699442246403,0.12368353280176105,0.0994749778212,0.00402689665051527,0.12505524035873594,0.12660139238542092,3.579569411525411,29355.038644358043,5.1537177485343895,109.22247553171766
27.044626224303897,0.22217482328414917,0.19120880961418152,0.1470082551240921,0.14294965690160463,0.14339092170422052,0.006351238406798361,0.10836914943242525,0.030344642750641804,0.04982054419105616,0.008223062829457494,0.14043137425955937,0.00094283710663828,0.065652655953218,0.008067093972008232,0.004810058231386725,0.0013023532236228902,0.14700166715633423,0.14234274388102805,4.069054699653792,30921.967905144244,5.595567498708081,140.8621136039414
18.353415433287314,0.29206886887550354,0.7605925798416138,0.12948636710643768,0.10998316072785061,0.10371038597253131,0.0052883453594429015,0.09075960854420353,0.08148393786209795,0.06510500949555219,0.061220178699551174,0.1030172770225717,0.002646244768188156,0.023016983199583098,0.0607766994379471,0.06705494349398504,0.006712277801539812,0.11119280799345829,0.10803213962149713,3.1631211558309333,29503.344102537278,5.384792808596394,109.84807859453517
26.14139791976741,0.08091392368078232,0.2400922030210495,0.41137242317199707,0.12359089676377791,0.11381764097731496,0.00781722275272192,0.11209018197144942,0.08784457417448059,0.10185952217410255,0.0188184420407039,0.12190062531978965,0.0012137801416048943,0.04526894110918274,0.021203501349116652,0.013684193963743862,0.001791551975962809,0.1244733100538499,0.10462561523219824,3.2324666816681535,27745.241010923022,5.5340268346602475,116.74270185051833
21.53932136672095,0.18529538810253143,0.536009669303894,0.35362333059310913,0.10890092690798678,0.09999796771427502,0.007811081000936931,0.1046090933189878,0.07087575024538724,0.09328725999802781,0.04111942688434165,0.10839391650600755,0.0030472145436798233,0.05280801501104,0.04746989126994488,0.04575236713073456,0.006147036937088901,0.11192233364531315,0.0978577188862479,3.0229792525610995,28581.387717799953,5.309561186799454,106.33286383054636
14.05362512839103,0.9632030725479126,0.9272446632385254,0.013084939680993557,0.12097468376856668,0.12577105114565007,0.008611250633688962,0.004260680839342097,0.08887164747794458,0.015949115293682318,0.06671963896099796,0.01293635664530447,0.01453920327836173,0.0695242047860747,0.11674189817348082,0.09707311839511086,0.009018226134319247,0.1235982126867395,0.12541071178073598,3.612380108425126,30414.239441808648,4.877853652719285,110.48209963947454
23.968915632868068,0.18882238864898682,0.29351383447647095,0.4079011082649231,0.12891502694824494,0.10357223101415919,0.009395691971166263,0.11559348026306968,0.08384327066846753,0.10141890719342402,0.020737908077707118,0.12550460872219896,0.0016167262841639085,0.02757280415376895,0.018261493470307855,0.021197888904002836,0.004007492403239589,0.1298898850952093,0.10847258483086986,3.393179472610463,28432.942403546258,5.723748051901127,114.53098914491343
24.50442608287338,0.06936034560203552,0.44002726674079895,0.3854394257068634,0.11864274483250141,0.10484176372297851,0.003659346272464972,0.11595534755227214,0.06360083728569868,0.10858178468872241,0.03478436673978271,0.11814527777249871,0.0007358957064748013,0.04286862644772292,0.04172591196303481,0.024223096162434548,0.0008587778431065827,0.11953475990980095,0.10184146310050582,3.111290011947787,27674.049178258967,5.610910443665086,111.5074746948262
12.689012242726264,0.9547795653343201,0.9440771341323853,0.010240919888019562,0.12164927999676294,0.12347787239063523,0.007401061526956547,0.003098810438426278,0.07685197787708054,0.00977485698195921,0.09313346114186036,0.01780798590511918,0.0142627588380368,0.05002560903690515,0.12122977858865253,0.10737216184051011,0.012322009419717,0.11818550489181731,0.12340687112556083,3.554801396119332,31023.274427900666,5.076023284636054,109.98885858707689
20.086380665607784,0.3052007257938385,0.5735651850700378,0.3754694163799286,0.10930723404638981,0.1017860101500064,0.015711807927393275,0.09898581788667389,0.07082621230953025,0.08029095828154083,0.03825333194997585,0.11244631911759183,0.005303038264173902,0.050181869290782236,0.03434588965525895,0.04447079641765335,0.01571475342079034,0.11668454161674267,0.10569141966549642,3.333270005842412,30010.15932908954,5.2577835713761365,110.33379368261714
20.144587058848103,0.5112402439117432,0.6634165644645691,0.14499042928218842,0.10950537481984193,0.10798016629460647,0.012604965903511383,0.09212669923255688,0.07750278172542056,0.06720658315304712,0.03572180893823733,0.09916741848356772,0.005371093293318612,0.042975579567781,0.040636707229814065,0.06210852609108097,0.017870503431174967,0.11812009777566561,0.11110169406037541,3.4592921337410245,31080.359099744663,5.122856835159805,113.01512812610062
26.3547506516229,0.14935484528541565,0.37064552307128906,0.4283313453197479,0.12618487610664147,0.11015508104892636,0.00515021898551371,0.11930617181021451,0.05750995139848848,0.1039682318888007,0.03126560531495851,0.12177575488522864,0.0014632447712897984,0.04518569976992361,0.02827929990480706,0.018121812039695723,0.002342250802280255,0.12719095513905412,0.10210084613417703,3.2428767290571594,28429.62597800065,5.731076602065443,115.03625607994428
20.098621848465587,0.21111097931861877,0.663345456123352,0.326669305562973,0.11079597144924518,0.10150640331176335,0.014593462120397218,0.10712442449167568,0.06489135343232694,0.08593949011275005,0.04326122883908391,0.11072646916457685,0.0023613040477565433,0.04648950244770799,0.04706415534432587,0.04266811461914175,0.007713498086733171,0.11488782120116407,0.09997680133135142,3.1160936886694817,28961.395189092473,5.365040401828146,108.11008737055612
13.399439953503602,0.8514204025268555,0.8904812932014465,0.037141840904951096,0.11632435657467909,0.11884532524714764,0.012237404745126279,0.014534215447266902,0.09950515292808963,0.03348458524847467,0.06457993855065722,0.024510462409539836,0.013894715781474587,0.04145511185795961,0.10595463241955282,0.10447730126277495,0.01636663536903853,0.1151052440104626,0.11872491814775565,3.502755165381595,30912.393252617534,4.914041581498921,108.35525575135094
21.27186555549727,0.09857455641031265,0.5454549789428711,0.3265683948993683,0.115152258444623,0.10279060342693697,0.006253536182190888,0.11056260749896765,0.07221148576414048,0.10030835231767532,0.0435804341098626,0.11397160495902041,0.001074896558065312,0.03859469950708427,0.04692330685954344,0.027118844169663862,0.001862369989422625,0.11655160199013101,0.10304339822267215,3.100403182831161,27455.621201688587,5.582426848378702,110.2656051751128
19.051772872816816,0.33870044350624084,0.5349524021148682,0.28767818212509155,0.10148773186436068,0.104099326780533,0.015924063341270053,0.08833243596786979,0.07865347923103753,0.07608456307323103,0.0344400253624661,0.10419753589452457,0.008274375601701536,0.053733734547312395,0.040358465127581934,0.055290435278032554,0.02434150514316537,0.11136859113196222,0.10341373165495124,3.347733591021104,30892.416188700976,4.9531644419919445,109.69355190027107
11.141519628325387,0.9871493577957153,0.9545873403549194,0.004759257193654776,0.1253387010221946,0.1275928272821714,0.0030837425183820634,0.0006224510373108492,0.1063303785911272,0.00392953440399269,0.08042417250129515,0.0014972023246581996,0.03715723369788639,0.026149613497563173,0.12526052336546817,0.10600230166812874,0.0022487891204569024,0.12633454256145812,0.12802798640790639,3.5925584532574995,29367.338680749308,5.1967790911789224,109.78934192537794
17.362722490930793,0.2557799220085144,0.685217559337616,0.17769359052181244,0.10920593822191443,0.1019811438315739,0.01016876773529301,0.09307255843060494,0.08121418406650462,0.07468557092888682,0.052959216885020435,0.10086204314211175,0.003387462885798585,0.0313295025568285,0.05717651315881432,0.0607817714978246,0.009217097018969958,0.10990091606745594,0.10405731357239817,3.1244545732235363,29293.451794893175,5.324355290759792,108.05251616691775
21.26739791960892,0.28285279870033264,0.5218303203582764,0.28679609298706055,0.10765890923631906,0.10588217035984922,0.011316578050909267,0.09831017656921252,0.08045866244129217,0.08344560126844915,0.02937527027941807,0.11161781492656227,0.004152627647361213,0.046020258476740766,0.03215372732143873,0.04912177788741178,0.015435722015182242,0.11591782626691191,0.10913287725294164,3.366809957490501,30081.74253127216,5.142819372164117,112.79820493354629
23.731368927826672,0.09744127094745636,0.36294376850128174,0.463405579328537,0.12531634208234024,0.10800608361712224,0.006558472044312521,0.11976945241536739,0.06873293672170233,0.11163497229990614,0.029545422334909942,0.1223785088928013,0.0009668540694498407,0.03244681411583642,0.03498708138542503,0.017599893568227415,0.0011819117864252317,0.1257189769978977,0.09515627766827627,3.108800330336389,27884.565835778318,5.72190152618327,112.29595063704654
17.951659124423387,0.27196192741394043,0.2903958857059479,0.2983352541923523,0.1189664490053271,0.11657895216949951,0.021393122770576735,0.08048095076747863,0.07060194695220309,0.07629346125384492,0.02054322968516604,0.11263011019214277,0.00830895356248428,0.0608328418517352,0.030913746692213643,0.03786169642758705,0.012310677396488131,0.12386325726788516,0.10842060400536774,3.4243235413763733,30608.077021385852,5.164165102777042,116.90851057194678
28.088421293506677,0.03531220555305481,0.24340996146202087,0.5267857313156128,0.126326057287617,0.11194425528870224,0.003788438472084099,0.12331325359325446,0.07420984336772021,0.11548111940384904,0.021468732555432326,0.1253126744415469,0.00035395940684886963,0.028307231694034655,0.02777862135101392,0.00817380031051037,0.00027349584333398203,0.1265654549387681,0.10670306204528382,3.269588179583402,27230.75427056253,5.759946938391903,117.67101130954222
13.927111474181455,0.9547092318534851,0.939741849899292,0.01091424748301506,0.12353781600076602,0.12602286863518544,0.005410467969345313,0.001745010115146905,0.1035415132295217,0.005143860786968952,0.09030497094507696,0.004984729319781734,0.01952810525368099,0.02800136252434879,0.12437017565430125,0.10908368862080739,0.007239172362029582,0.12386833314871781,0.12721792543432114,3.6165560332309594,30170.261489952114,5.1573602932148805,110.1583668292953
20.761344365212267,0.255927175283432,0.6574878096580505,0.2800155282020569,0.10698845351710788,0.10436745586649707,0.009309958912673163,0.10132056276995294,0.0807832871443032,0.07644119116257514,0.03888122978918712,0.11117685226006432,0.0025406744548453733,0.04432707399927254,0.03757559075932847,0.0506514344288858,0.012436110129374787,0.11563060292900564,0.10756952187692657,3.2989072890942985,29751.96852036962,5.198601713716375,111.43192559171985
15.547822697642077,0.9362539052963257,0.8988611102104187,0.01594701036810875,0.12175093063865855,0.12504018065922515,0.006469127735518775,0.006269615212001907,0.1060092151174876,0.017476892970197933,0.07285120687162612,0.01736221615763425,0.007153969317404378,0.03743208411093217,0.11522947591100721,0.10583764804698785,0.011757146323849898,0.12376948155223051,0.12559080937523767,3.6556441215184527,31104.771419613677,4.976078943904023,111.67619612113006
18.706966470142376,0.6023077368736267,0.6406314969062805,0.14425349235534668,0.10863558800294434,0.10355215385363888,0.01253488973526369,0.07332692850672705,0.08265369268014301,0.0521906583449034,0.047453665063017125,0.08073361057625368,0.009673332534669163,0.03470926729587816,0.06129695982393797,0.08022188063979116,0.02990458994474676,0.11379932008697362,0.109313462911112,3.5422432211996524,32424.671743163708,5.034604780249108,109.25121233054153
20.661654613941717,0.15423546731472015,0.5798234343528748,0.36371469497680664,0.11594198813583348,0.10564345686756627,0.011164928752249568,0.11051367927703047,0.07258776309123104,0.09433217112954093,0.0383039620195479,0.11547508782812262,0.0013724833725026243,0.04212236555790354,0.04141703250189502,0.027542356172131823,0.003528303500776449,0.11829134777818888,0.1017630740154794,3.1301581541222263,27998.973127684818,5.507543339804507,111.25742483631635
11.430906879080808,0.9758977293968201,0.9074864983558655,0.011442078277468681,0.13039345360991503,0.13158351984091077,0.011429468366701907,0.0007528857014073278,0.07506944218169839,0.007414408037754927,0.07141972209023927,0.0019320450959957587,0.05293270472886478,0.056192285896823804,0.12875508828162693,0.0669238968667814,0.0025697820006328432,0.12969423376830552,0.13293706353234136,3.712815110217916,28455.50719881708,5.305113818660831,113.34366993936156
21.8798531875494,0.24185560643672943,0.49870482087135315,0.39590710401535034,0.11587065647018392,0.10430328427112957,0.01885583545500025,0.10057088285632941,0.07840422760632984,0.08474968714068325,0.03587614362541236,0.11229687291087732,0.004839736760022098,0.047278995077254755,0.03693261963322915,0.032990005958995275,0.011515432155463402,0.11821236044619757,0.09730325963289183,3.178434731283739,29149.941487402266,5.374374353322292,109.35911762703785
14.728776476106253,0.7553378939628601,0.8272687196731567,0.05433734133839607,0.11119856225379561,0.11312898635904714,0.008088930118889465,0.020956130611929316,0.10252389914409,0.037241764028531216,0.06831645888945846,0.0399146865101051,0.00881980579209387,0.03591990261584957,0.09707216421509651,0.10168464196589158,0.02978243805796036,0.1123543855624579,0.11299724387480388,3.57187694493311,32460.18059820719,4.882294158573294,108.22588962737954
11.920329512882134,0.9901179671287537,0.9577658772468567,0.004219046328216791,0.12719377763399137,0.12822161518122543,0.004661619124938113,0.0005562620750076149,0.09979613134460068,0.0076729105998255605,0.06935257453825132,0.0016908973581245116,0.02421033179044638,0.045774938866994914,0.12591758920274024,0.10770480399849013,0.002151788557147508,0.12651624732496142,0.1285785124032548,3.601451675995092,29742.50158974451,5.035948834973137,110.11713399787685
28.079136102741952,0.06024765223264694,0.3559066653251648,0.4502934217453003,0.11924788380915445,0.10434719608072857,0.002814440815584483,0.1152326666961,0.06725631361619687,0.10894540057916453,0.03158113509066957,0.11828526070178828,0.0009855908585389588,0.051954468907055545,0.03527431232412081,0.02537302915326248,0.0011929595842410158,0.11982321759593478,0.09768612418745963,3.061832219146896,27876.925157776634,5.565043545048772,110.13164824669148
24.953983814988405,0.036281704902648926,0.27273011207580566,0.5138062834739685,0.12484580182367641,0.10643049083046824,0.0022053611569273265,0.12210872459105149,0.06451207012455863,0.11492876939141577,0.026560594743576728,0.12416918388320382,0.0005707096246417919,0.036552364942754434,0.03278235120346064,0.013699385941424863,0.00036286968758320813,0.125308757237697,0.10496256481755967,3.228878684399758,27476.524307586886,5.748631653919082,114.42990860338874
18.469045998611374,0.5810438394546509,0.7241863012313843,0.10836579650640488,0.11251406590420446,0.11350368818549075,0.006714581732064775,0.06641254733249019,0.08726967475811827,0.05238898778734802,0.04497631930873306,0.0829032673590093,0.004977210495277617,0.03706098952116771,0.05902028856527904,0.07779723758069118,0.020825637793507535,0.11831791827562949,0.11531758540098862,3.562455980581758,32002.25297842647,5.061675986990842,114.65837206494638
15.229407374959347,0.7190516591072083,0.8050587177276611,0.13659292459487915,0.1145103792366477,0.11398867514227418,0.007214858420872113,0.024691268886342363,0.10145175735625786,0.02779770348481044,0.07550995237016662,0.04495277397920369,0.01325074463453498,0.022389510639524404,0.09697355064714692,0.09766287593192008,0.023327724094229757,0.11910743063158839,0.1171707945444805,3.63448328978418,32173.647734292004,5.077508658053369,110.30449961002664
11.674985134853728,0.9863282442092896,0.9523952007293701,0.006845735479146242,0.12500717732565053,0.12663459038967156,0.0044803088663801765,0.0003104230244267106,0.10113361100347695,0.003075966119202617,0.09691433412168017,0.0016749584475069166,0.03674118220014361,0.021778549137796272,0.12587382807680744,0.10183030559405677,0.0021652366780071835,0.12492791522557768,0.12745161378961536,3.5636267197048035,29024.40762460457,5.341975989547031,109.34633454047693
24.228549917943166,0.1737276166677475,0.1855846494436264,0.31855452060699463,0.1349434542332311,0.10002250610377213,0.004513967933697507,0.1258278913307447,0.07681939461068854,0.10133853015758817,0.011391423736565485,0.13362008251383545,0.0009510328481859566,0.020868803040846096,0.008054982483563258,0.015059077343713822,0.002225781390608615,0.13639003814032372,0.12797303413263547,3.7322439512899495,28112.010197419917,5.881563113052723,118.86485906585663
28.619250334851284,0.03206656873226166,0.3354189693927765,0.42623454332351685,0.12297895217956628,0.11281031398124966,0.0035751798772063067,0.12020501797413073,0.0785392685416675,0.10946785312346763,0.024392760504678573,0.12214828400389398,0.0003019541544554315,0.03571891559553014,0.031229124548937,0.0074892466337066295,0.000281643378671914,0.12333968848010861,0.10752179702272963,3.2360038043411423,26943.34902767876,5.6699852188555875,117.47080520583748
25.08327744006674,0.0911066010594368,0.5162999629974365,0.3571690022945404,0.11736439701589135,0.1047306564249536,0.00442833569248659,0.11368550901032085,0.06099541001493133,0.10166904004025144,0.03033859089418335,0.11800251053569391,0.0007426670834765216,0.056665955490657706,0.03357592062901606,0.033782664695363104,0.0023763539165063277,0.11917552089212614,0.10246646766414172,3.136256794618839,28563.220496747217,5.472837404597568,111.1756243762494
18.797890078772234,0.674871027469635,0.7371335029602051,0.08893395215272903,0.10700123876994369,0.10841491567714695,0.011382103414293585,0.05274960798561131,0.08696887384063157,0.040951872527170224,0.0539209987637477,0.0622390493793784,0.00959493742166909,0.040987793580099054,0.07991724984752854,0.08942674683562421,0.03202679070795002,0.11292107679120711,0.11149674445799855,3.5902245674001794,32783.795436594155,4.87261270917896,109.3821186604785
18.810390280763947,0.5452454686164856,0.5533587336540222,0.20990175008773804,0.11269687151279321,0.10447326027358916,0.01879403878873022,0.0840321040805052,0.07352106815462216,0.06481452729938826,0.036042995179673125,0.09994339773493761,0.009520245900627462,0.0374465926059958,0.047621573826414805,0.06698535968020997,0.019514179661800385,0.11660328660278141,0.10799049869793123,3.4175115094751813,31498.945992889494,5.145596090327423,110.58869058743866
